site_code,individual,leaf_number,surface,random_number,angle,length_pixels
mkpb,i1,l1,lower,1,-3.576,15.79
mkpb,i1,l1,lower,2,-58.392,15.352
mkpb,i1,l1,lower,3,42.274,14.866
mkpb,i1,l1,lower,4,-93.576,15.348
mkpb,i1,l1,lower,5,42.51,16.265
mkpb,i1,l2,lower,1,4.764,12.54
mkpb,i1,l2,lower,2,38.66,12.806
mkpb,i1,l2,lower,3,-47.726,14.754
mkpb,i1,l2,lower,4,3.18,17.346
mkpb,i1,l2,lower,5,-139.764,16.817
mkpb,i1,l3,lower,1,-31.608,14.496
mkpb,i1,l3,lower,2,77.005,12.981
mkpb,i1,l3,lower,3,41.186,10.842
mkpb,i1,l3,lower,4,59.036,11.654
mkpb,i1,l3,lower,5,41.634,12.582
mkpb,i1,l3,upper,1,56.31,18.586
mkpb,i1,l3,upper,2,-38.157,18.156
mkpb,i1,l3,upper,3,8.973,19.198
mkpb,i1,l3,upper,4,55.491,19.067
mkpb,i1,l3,upper,5,-65.772,22.676
mkpb,i2,l2,lower,1,-45,14.851
mkpb,i2,l2,lower,2,-45,14.15
mkpb,i2,l2,lower,3,-78.111,19.416
mkpb,i2,l2,lower,4,11.31,14.97
mkpb,i2,l2,lower,5,-83.66,17.745
mkpb,i3,l1,lower,1,-58.392,15.464
mkpb,i3,l1,lower,2,-7.595,15.463
mkpb,i3,l1,lower,3,-8.13,14.109
mkpb,i3,l1,lower,4,-38.66,18.741
mkpb,i3,l1,lower,5,-29.745,15.804
mkpb,i3,l1,upper,1,-14.931,15.293
mkpb,i3,l1,upper,2,127.569,16.401
mkpb,i3,l1,upper,3,-30.964,17.452
mkpb,i3,l1,upper,4,-5.711,19.737
mkpb,i3,l3,lower,1,-4.086,13.509
mkpb,i3,l3,lower,2,-15.255,11.494
mkpb,i3,l3,lower,3,-26.565,16.1
mkpb,i3,l3,lower,4,-52.125,11.8
mkpb,i3,l3,lower,5,47.726,15.114
mkpb,i3,l3,upper,1,0,18.667
mkpb,i3,l3,upper,2,-37.569,16.56
mkpb,i3,l3,upper,3,3.366,16.347
mkpb,i3,l3,upper,4,16.699,21.297
mkpb,i3,l3,upper,5,64.799,18.788
mkpb,i4,l1,lower,1,65.225,14.016
mkpb,i4,l1,lower,2,-21.038,14.631
mkpb,i4,l1,lower,3,50.711,14.706
mkpb,i4,l1,lower,4,-30.256,13.437
mkpb,i4,l1,lower,5,30.256,12.838
mkpb,i4,l1,upper,1,90,20.011
mkpb,i4,l1,upper,2,-57.095,20.248
mkpb,i4,l1,upper,3,-64.231,31.644
mkpb,i4,l1,upper,4,-37.875,22.804
mkpb,i4,l2,lower,1,24.775,14.424
mkpb,i4,l2,lower,2,94.399,13.537
mkpb,i4,l2,lower,3,-32.471,13.22
mkpb,i4,l2,lower,4,3.18,17.362
mkpb,i4,l2,lower,5,81.254,13.4
mkpb,i4,l2,upper,1,54.782,21.082
mkpb,i4,l2,upper,2,42.709,17.679
mkpb,i4,l2,upper,3,-15.524,18.361
mkpb,i4,l2,upper,4,-31.43,21.271
mkpb,i4,l2,upper,5,0,24.262
mkpb,i5,l1,lower,1,-41.186,21.26
mkpb,i5,l1,lower,2,131.987,13.679
mkpb,i5,l1,lower,3,-42.51,16.526
mkpb,i5,l1,lower,4,-63.435,13.975
mkpb,i5,l1,lower,5,-3.576,16.07
mkpb,i5,l1,upper,1,31.608,15.692
mkpb,i5,l1,upper,2,24.228,21.667
mkpb,i5,l1,upper,3,-30.964,17.967
mkpb,i5,l1,upper,4,14.621,24.092
mkpb,i5,l1,upper,5,30.466,19.294
mkpb,i5,l2,lower,1,76.759,17.464
mkpb,i5,l2,lower,2,-23.199,22.541
mkpb,i5,l2,lower,3,18.435,25.406
mkpb,i5,l2,lower,4,-42.51,16.449
mkpb,i5,l2,lower,5,-67.62,18.581
mkpb,i6,l1,lower,1,90,12.671
mkpb,i6,l1,lower,2,-34.992,12.219
mkpb,i6,l1,lower,3,-85.914,14.08
mkpb,i6,l1,lower,4,37.569,16.711
mkpb,i6,l1,lower,5,-3.814,15.518
mkpb,i6,l1,upper,1,69.775,20.248
mkpb,i6,l1,upper,2,34.38,23.022
mkpb,i6,l1,upper,3,-33.69,22.096
mkpb,i6,l1,upper,4,-36.87,20.072
mkpb,i6,l1,upper,5,-176.987,19.047
mkpb,i6,l2,lower,1,-53.973,13.275
mkpb,i6,l2,lower,2,-8.746,12.659
mkpb,i6,l2,lower,3,48.814,10.612
mkpb,i6,l2,lower,4,-53.973,14.056
mkpb,i6,l2,lower,5,56.31,14.977
mkpb,i6,l2,upper,1,-36.87,25
mkpb,i6,l2,upper,2,13.392,22.164
mkpb,i6,l2,upper,3,94.574,24.415
mkpb,i6,l2,upper,4,-34.38,22.932
mkpb,i6,l2,upper,5,55.008,24.906
mkpb,i7,l1,lower,1,-45,13.086
mkpb,i7,l1,lower,2,9.462,12.093
mkpb,i7,l1,lower,3,-32.471,12.944
mkpb,i7,l1,lower,4,30.256,13.521
mkpb,i7,l1,lower,5,-53.973,14.009
mkpb,i7,l2,lower,1,-57.529,12.758
mkpb,i7,l2,lower,2,26.565,13.657
mkpb,i7,l2,lower,3,32.471,13.149
mkpb,i7,l2,lower,4,24.775,13.573
mkpb,i7,l2,lower,5,4.399,13.558
mkpb,i7,l2,upper,1,36.87,20
mkpb,i7,l2,upper,2,-50.528,22.492
mkpb,i7,l2,upper,3,-19.179,24.15
mkpb,i7,l2,upper,4,-59.036,17.755
mkpb,i8,l1,lower,1,52.431,16.401
mkpb,i8,l1,lower,2,-45,16.795
mkpb,i8,l1,lower,3,180,15.258
mkpb,i8,l1,lower,4,90,14.67
mkpb,i8,l1,lower,5,-33.69,18.312
mkpb,i8,l1,upper,1,-29.249,28.628
mkpb,i8,l1,upper,2,45,31.121
mkpb,i8,l1,upper,3,-116.565,22.071
mkpb,i8,l1,upper,4,97.765,21.956
mkpb,i8,l1,upper,5,-35.218,20.479
mkpb,i8,l2,lower,1,-39.289,14.896
mkpb,i8,l2,lower,2,-90,16.001
mkpb,i8,l2,lower,3,-34.695,15.723
mkpb,i8,l2,lower,4,-71.565,15.501
mkpb,i8,l2,lower,5,4.086,13.842
mkpb,i8,l2,upper,1,105.524,19.231
mkpb,i8,l2,upper,2,-22.249,23.119
mkpb,i8,l2,upper,3,-24.228,21.914
mkpb,i8,l2,upper,4,3.013,18.527
mkpb,i8,l2,upper,5,-52.431,15.983
pkpp,i1,l1,lower,1,19.983,12.134
pkpp,i1,l1,lower,2,82.405,15.794
pkpp,i1,l1,lower,3,22.62,12.73
pkpp,i1,l1,lower,4,-18.435,15.92
pkpp,i1,l1,lower,5,41.634,12.582
pkpp,i1,l1,upper,1,3.18,18.361
pkpp,i1,l1,upper,2,60.945,20.301
pkpp,i1,l1,upper,3,90,19.015
pkpp,i1,l1,upper,4,3.18,18.527
pkpp,i1,l1,upper,5,32.735,17.385
pkpp,i1,l2,lower,1,0,13
pkpp,i1,l2,lower,2,8.13,14.099
pkpp,i1,l2,lower,3,48.366,12.512
pkpp,i1,l2,lower,4,-5.711,10.398
pkpp,i1,l2,lower,5,-175.914,13.371
pkpp,i1,l2,upper,1,-16.928,24.042
pkpp,i1,l2,upper,2,46.637,25.105
pkpp,i1,l2,upper,3,-17.65,22.94
pkpp,i1,l2,upper,4,9.462,18.248
pkpp,i1,l2,upper,5,75.256,19.647
pkpp,i2,l1,lower,1,-30.256,13.768
pkpp,i2,l1,lower,2,4.764,12.042
pkpp,i2,l1,lower,3,22.62,13.499
pkpp,i2,l1,lower,4,17.103,13.703
pkpp,i2,l1,lower,5,-18.435,12.649
pkpp,i2,l2,lower,1,0,12.333
pkpp,i2,l2,lower,2,90,10.333
pkpp,i2,l2,lower,3,17.103,13.703
pkpp,i2,l2,lower,4,26.565,13.768
pkpp,i2,l2,lower,5,90,11.167
pkpp,i2,l2,upper,1,-35.838,22.475
pkpp,i2,l2,upper,2,-45,15.556
pkpp,i2,l2,upper,3,49.764,16.839
pkpp,i2,l2,upper,4,-15.524,18.774
pkpp,i2,l2,upper,5,-7.595,15.092
pkpp,i3,l1,lower,1,-45,11.353
pkpp,i3,l1,lower,2,-21.801,11.068
pkpp,i3,l1,lower,3,11.31,10.198
pkpp,i3,l1,lower,4,75.964,12.502
pkpp,i3,l1,lower,5,120.256,13.606
pkpp,i3,l1,upper,1,-157.38,26.308
pkpp,i3,l1,upper,2,28.443,26.618
pkpp,i3,l1,upper,3,52.696,26.291
pkpp,i3,l1,upper,4,-52.125,22.727
pkpp,i3,l1,upper,5,39.472,21.708
pkpp,i4,l1,lower,1,17.103,12.966
pkpp,i4,l1,lower,2,26.565,11.629
pkpp,i4,l1,lower,3,4.399,13.537
pkpp,i4,l1,lower,4,78.69,14.97
pkpp,i4,l1,lower,5,33.69,14.153
pkpp,i4,l1,upper,1,-54.782,21.082
pkpp,i4,l1,upper,2,-59.036,17.036
pkpp,i4,l1,upper,3,-43.264,23.104
pkpp,i4,l1,upper,4,-4.97,23.066
pkpp,i4,l1,upper,5,3.814,15.102
pkpp,i4,l2,lower,1,122.471,12.671
pkpp,i4,l2,lower,2,53.13,14.725
pkpp,i4,l2,lower,3,-38.66,12.772
pkpp,i4,l2,lower,4,-55.008,12.003
pkpp,i4,l2,lower,5,37.875,11.654
pkpp,i4,l2,upper,1,30.964,22.988
pkpp,i4,l2,upper,2,-45,16.028
pkpp,i4,l2,upper,3,57.995,19.437
pkpp,i4,l2,upper,4,-173.991,18.812
pkpp,i4,l2,upper,5,6.009,19.105
pkpp,i5,l1,lower,1,10.305,11.319
pkpp,i5,l1,lower,2,21.038,13.328
pkpp,i5,l1,lower,3,-90,15.002
pkpp,i5,l1,lower,4,135,11.319
pkpp,i5,l1,lower,5,158.962,13.789
pkpp,i5,l1,upper,1,22.38,18.911
pkpp,i5,l1,upper,2,-177.138,19.345
pkpp,i5,l1,upper,3,104.036,20.616
pkpp,i5,l1,upper,4,135,18.391
pkpp,i5,l1,upper,5,139.764,16.776
pkpp,i7,l1,lower,1,21.038,13.928
pkpp,i7,l1,lower,2,-51.34,12.078
pkpp,i7,l1,lower,3,-41.186,11.319
pkpp,i7,l1,lower,4,57.529,13.73
pkpp,i7,l1,lower,5,10.305,11.632
pkpp,i7,l1,upper,1,3.814,15.033
pkpp,i7,l1,upper,2,-7.125,15.51
pkpp,i7,l1,upper,3,-52.431,16.816
pkpp,i7,l1,upper,4,-172.405,15.424
pkpp,i7,l1,upper,5,143.973,14.067
pkpp,i7,l2,lower,1,37.875,10.883
pkpp,i7,l2,lower,2,-45,13.086
pkpp,i7,l2,lower,3,-41.634,12.512
pkpp,i7,l2,lower,4,36.027,12.944
pkpp,i7,l2,lower,5,26.565,11.328
pkpp,i7,l2,upper,1,50.711,13.901
pkpp,i7,l2,upper,2,36.87,14.407
pkpp,i7,l2,upper,3,-42.274,14.5
pkpp,i7,l2,upper,4,52.431,15.67
pkpp,i7,l2,upper,5,129.806,15.592
pkpp,i8,l1,lower,1,17.103,12.966
pkpp,i8,l1,lower,2,-33.69,11.005
pkpp,i8,l1,lower,3,-45,10.853
pkpp,i8,l1,lower,4,-5.194,10.879
pkpp,i8,l1,lower,5,131.186,10.991
pkpp,i8,l1,upper,1,87.274,20.402
pkpp,i8,l1,upper,2,77.196,22.618
pkpp,i8,l1,upper,3,-127.569,15.934
pkpp,i8,l1,upper,4,14.931,16.09
pkpp,i8,l1,upper,5,-43.025,20.863
pkpp,i8,l2,lower,1,141.34,12.964
pkpp,i8,l2,lower,2,114.444,11.792
pkpp,i8,l2,lower,3,124.992,12.235
pkpp,i8,l2,lower,4,52.125,11.8
pkpp,i8,l2,lower,5,-36.027,13.601
pkpp,i8,l2,upper,1,-52.595,21.137
pkpp,i8,l2,upper,2,38.157,17.734
pkpp,i8,l2,upper,3,19.29,20.875
pkpp,i8,l2,upper,4,87.138,19.692
pkpp,i8,l2,upper,5,-26.565,20.276
knhp,i1,l1,lower,1,-29.358,18.823
knhp,i1,l1,lower,2,-75.964,16.211
knhp,i1,l1,lower,3,0,16.17
knhp,i1,l1,lower,4,-84.56,21.148
knhp,i1,l1,lower,5,3.576,15.865
knhp,i1,l1,upper,1,-53.13,20.734
knhp,i1,l1,upper,2,-7.125,32.622
knhp,i1,l1,upper,3,-33.69,26.073
knhp,i1,l1,upper,4,-8.13,21.213
knhp,i1,l1,upper,5,-2.726,21.054
knhp,i1,l2,lower,1,0,13
knhp,i1,l2,lower,2,-33.69,15.116
knhp,i1,l2,lower,3,39.289,14.407
knhp,i1,l2,lower,4,4.399,13.509
knhp,i1,l2,lower,5,-99.462,12.139
knhp,i1,l2,upper,1,-86.186,30.046
knhp,i1,l2,upper,2,56.976,23.854
knhp,i1,l2,upper,3,2.726,20.524
knhp,i1,l2,upper,4,-45,19.812
knhp,i1,l2,upper,5,-98.531,20.718
knhp,i2,l1,lower,1,75.256,20.131
knhp,i2,l1,lower,2,-42.51,16.055
knhp,i2,l1,lower,3,-20.556,17.208
knhp,i2,l1,lower,4,-36.87,15.538
knhp,i2,l1,lower,5,11.31,15.041
knhp,i2,l1,upper,1,51.34,19.209
knhp,i2,l1,upper,2,-5.44,21.792
knhp,i2,l1,upper,3,93.013,19.737
knhp,i2,l1,upper,4,50.906,20.616
knhp,i2,l1,upper,5,94.97,22.728
knhp,i2,l2,lower,1,-90,11
knhp,i2,l2,lower,2,-11.31,10.525
knhp,i2,l2,lower,3,-57.529,12.903
knhp,i2,l2,lower,4,53.13,10
knhp,i2,l2,lower,5,-41.634,12.021
knhp,i2,l2,upper,1,-45,20.276
knhp,i2,l2,upper,2,-50.194,23.703
knhp,i2,l2,upper,3,30.964,11.927
knhp,i2,l2,upper,4,35.754,30.806
knhp,i2,l2,upper,5,35.838,22.94
knhp,i3,l1,lower,1,0,11.25
knhp,i3,l1,lower,2,-45,10.259
knhp,i3,l1,lower,3,-56.31,14.3
knhp,i3,l1,lower,4,-37.875,11.102
knhp,i3,l1,lower,5,94.399,13.193
knhp,i3,l1,upper,1,7.765,21.708
knhp,i3,l1,upper,2,20.556,17.088
knhp,i3,l1,upper,3,-18.435,24.877
knhp,i3,l1,upper,4,57.265,16.292
knhp,i3,l1,upper,5,7.431,23.195
knhp,i3,l2,lower,1,85.914,13.807
knhp,i3,l2,lower,2,49.399,9.582
knhp,i3,l2,lower,3,85.914,13.218
knhp,i3,l2,lower,4,-33.69,10.68
knhp,i3,l2,lower,5,-26.565,10.398
knhp,i3,l2,upper,1,-76.759,17.464
knhp,i3,l2,upper,2,-131.987,12.737
knhp,i3,l2,upper,3,151.39,13.149
knhp,i3,l2,upper,4,8.13,20.838
knhp,i3,l2,upper,5,-159.444,17.088
knhp,i4,l1,lower,1,26.565,15.766
knhp,i4,l1,lower,2,-12.095,14.851
knhp,i4,l1,lower,3,41.987,12.748
knhp,i4,l1,lower,4,85.914,13.683
knhp,i4,l1,lower,5,-3.814,14.547
knhp,i4,l1,upper,1,90,18
knhp,i4,l1,upper,2,-49.764,16.517
knhp,i4,l1,upper,3,75.964,16.378
knhp,i4,l1,upper,4,-14.931,15.805
knhp,i4,l1,upper,5,-51.843,17.468
knhp,i4,l2,lower,1,48.013,13.975
knhp,i4,l2,lower,2,10.305,10.466
knhp,i4,l2,lower,3,48.013,13.509
knhp,i4,l2,lower,4,7.595,14.468
knhp,i4,l2,lower,5,0,9.667
knhp,i4,l2,upper,1,-41.186,11.503
knhp,i4,l2,upper,2,38.66,12.612
knhp,i4,l2,upper,3,0,12.51
knhp,i4,l2,upper,4,-45,13.437
knhp,i4,l2,upper,5,0,13.004
knhp,i5,l1,lower,1,28.301,14.765
knhp,i5,l1,lower,2,-57.529,13.677
knhp,i5,l1,lower,3,12.995,13.187
knhp,i5,l1,lower,4,-79.695,10.574
knhp,i5,l1,lower,5,11.31,10.558
knhp,i5,l1,upper,1,-23.962,20.359
knhp,i5,l1,upper,2,-58.57,21.45
knhp,i5,l1,upper,3,93.18,17.679
knhp,i5,l1,upper,4,30.466,19.394
knhp,i5,l1,upper,5,39.472,22.154
knhp,i5,l2,lower,1,52.125,11.451
knhp,i5,l2,lower,2,-38.66,12.601
knhp,i5,l2,lower,3,4.764,12.003
knhp,i5,l2,lower,4,40.236,17.004
knhp,i5,l2,lower,5,5.711,9.902
knhp,i5,l2,upper,1,-38.157,18.012
knhp,i5,l2,upper,2,96.34,18.382
knhp,i5,l2,upper,3,-47.726,14.699
knhp,i5,l2,upper,4,-14.931,15.613
knhp,i5,l2,upper,5,33.69,18.038
knhp,i6,l1,lower,1,45,10.785
knhp,i6,l1,lower,2,-53.973,13.2
knhp,i6,l1,lower,3,95.194,11.178
knhp,i6,l1,lower,4,45,10.853
knhp,i6,l1,lower,5,-41.186,10.883
knhp,i6,l1,upper,1,3.366,16.388
knhp,i6,l1,upper,2,172.875,23.633
knhp,i6,l1,upper,3,147.529,13.269
knhp,i6,l1,upper,4,154.537,23.703
knhp,i6,l1,upper,5,33.69,17.967
knhp,i6,l2,lower,1,19.654,14.337
knhp,i6,l2,lower,2,-52.125,12.003
knhp,i6,l2,lower,3,-48.366,11.557
knhp,i6,l2,lower,4,90,10.335
knhp,i6,l2,lower,5,85.914,14.02
knhp,i6,l2,upper,1,-12.095,14.011
knhp,i6,l2,upper,2,-19.44,17.288
knhp,i6,l2,upper,3,128.66,19.526
knhp,i6,l2,upper,4,-14.036,16.434
knhp,i6,l2,upper,5,4.086,13.683
knhp,i7,l1,lower,1,10.62,15.892
knhp,i7,l1,lower,2,-50.711,14.036
knhp,i7,l1,lower,3,32.471,15.268
knhp,i7,l1,lower,4,5.194,13.384
knhp,i7,l1,lower,5,-4.086,11.045
knhp,i7,l1,upper,1,9.462,18.196
knhp,i7,l1,upper,2,-43.025,20.518
knhp,i7,l1,upper,3,-30.964,17.335
knhp,i7,l1,upper,4,114.444,23.286
knhp,i7,l1,upper,5,154.654,21.169
knhp,i7,l2,lower,1,-17.354,16.987
knhp,i7,l2,lower,2,57.265,17.18
knhp,i7,l2,lower,3,54.462,17.205
knhp,i7,l2,lower,4,-45,15.439
knhp,i7,l2,lower,5,0,14.252
knhp,i7,l2,upper,1,87.397,21.708
knhp,i7,l2,upper,2,16.39,17.72
knhp,i7,l2,upper,3,-70.821,24.588
knhp,i7,l2,upper,4,3.18,18.345
knhp,i7,l2,upper,5,95.194,22.091
knhp,i8,l1,lower,1,-150.945,20.623
knhp,i8,l1,lower,2,96.34,17.813
knhp,i8,l1,lower,3,0,16
knhp,i8,l1,lower,4,-71.565,12.5
knhp,i8,l1,lower,5,3.18,18.049
knhp,i8,l1,upper,1,12.095,14.97
knhp,i8,l1,upper,2,-19.654,15.366
knhp,i8,l1,upper,3,-64.983,16.221
knhp,i8,l1,upper,4,-29.745,15.962
knhp,i8,l1,upper,5,-64.983,17.298
knhp,i8,l2,lower,1,144.462,16.935
knhp,i8,l2,lower,2,-35.538,17.757
knhp,i8,l2,lower,3,36.87,14.705
knhp,i8,l2,lower,4,-59.744,13.987
knhp,i8,l2,lower,5,137.49,15.836
knhp,i8,l2,upper,1,-14.036,16.867
knhp,i8,l2,upper,2,10.62,16.935
knhp,i8,l2,upper,3,43.152,22.423
knhp,i8,l2,upper,4,-50.906,20.147
knhp,i8,l2,upper,5,-39.806,23.114
klkb,i1,l1,lower,1,-124.509,18.679
klkb,i1,l1,lower,2,39.289,14.004
klkb,i1,l1,lower,3,10.008,16.879
klkb,i1,l1,lower,4,79.38,16.344
klkb,i1,l1,lower,5,-14.931,15.524
klkb,i1,l1,upper,1,26.565,20.125
klkb,i1,l1,upper,2,-43.363,25.125
klkb,i1,l1,upper,3,75.964,16.997
klkb,i1,l1,upper,4,-117.897,21.773
klkb,i1,l1,upper,5,158.199,19.686
klkb,i1,l2,lower,1,116.565,16.1
klkb,i1,l2,lower,2,100.008,16.879
klkb,i1,l2,lower,3,48.013,14.049
klkb,i1,l2,lower,4,132.51,16.506
klkb,i1,l2,lower,5,-50.711,14.15
klkb,i1,l2,upper,1,-128.66,19.209
klkb,i1,l2,upper,2,31.43,21.171
klkb,i1,l2,upper,3,6.71,17.78
klkb,i1,l2,upper,4,83.991,16.347
klkb,i1,l2,upper,5,93.576,19.379
klkb,i2,l1,lower,1,-4.086,14.43
klkb,i2,l1,lower,2,4.086,14.305
klkb,i2,l1,lower,3,98.13,14.853
klkb,i2,l1,lower,4,13.241,18.043
klkb,i2,l1,lower,5,-151.39,11.926
klkb,i2,l1,upper,1,-5.44,21.552
klkb,i2,l1,upper,2,-83.29,17.678
klkb,i2,l1,upper,3,-3.576,15.723
klkb,i2,l1,upper,4,-21.801,16.621
klkb,i2,l1,upper,5,135,15.914
klkb,i2,l2,lower,1,-40.236,16.651
klkb,i2,l2,lower,2,100.62,15.892
klkb,i2,l2,lower,3,90,13.5
klkb,i2,l2,lower,4,75.964,15.704
klkb,i2,l2,lower,5,108.435,15.186
klkb,i2,l2,upper,1,-3.18,18.679
klkb,i2,l2,upper,2,42.709,18.187
klkb,i2,l2,upper,3,30.466,19.723
klkb,i2,l2,upper,4,2.603,22.343
klkb,i2,l2,upper,5,93.18,18.265
klkb,i3,l1,lower,1,-42.274,14.866
klkb,i3,l1,lower,2,33.69,14.981
klkb,i3,l1,lower,3,-29.745,15.723
klkb,i3,l1,lower,4,-26.565,16.111
klkb,i3,l1,lower,5,24.775,14.016
klkb,i3,l1,upper,1,43.363,25.248
klkb,i3,l1,upper,2,-150.255,16.125
klkb,i3,l1,upper,3,-90,20.677
klkb,i3,l1,upper,4,152.354,24.157
klkb,i3,l1,upper,5,32.905,20.318
klkb,i3,l2,lower,1,94.399,13.06
klkb,i3,l2,lower,2,0,16.502
klkb,i3,l2,lower,3,-4.399,12.851
klkb,i3,l2,lower,4,85.914,14.004
klkb,i3,l2,lower,5,142.431,16.138
klkb,i3,l2,upper,1,-25.463,23.259
klkb,i3,l2,upper,2,150.255,24.477
klkb,i3,l2,upper,3,131.82,25.295
klkb,i3,l2,upper,4,133.264,24.046
klkb,i3,l2,upper,5,-28.811,23.045
klkb,i4,l1,lower,1,126.87,15.054
klkb,i4,l1,lower,2,4.399,13.288
klkb,i4,l1,lower,3,0,12.338
klkb,i4,l1,lower,4,38.66,12.911
klkb,i4,l1,lower,5,-36.87,14.342
klkb,i4,l1,upper,1,-72.474,19.827
klkb,i4,l1,upper,2,48.576,22.201
klkb,i4,l1,upper,3,-47.291,17.709
klkb,i4,l1,upper,4,-62.354,24.299
klkb,i4,l1,upper,5,-20.225,20.989
klkb,i4,l2,lower,1,45,15.56
klkb,i4,l2,lower,2,24.775,14.215
klkb,i4,l2,lower,3,-51.34,13.017
klkb,i4,l2,lower,4,45,12.728
klkb,i4,l2,lower,5,-55.305,15.074
klkb,i4,l2,upper,1,-16.699,20.881
klkb,i4,l2,upper,2,-26.565,22.594
klkb,i4,l2,upper,3,90,17
klkb,i4,l2,upper,4,31.608,15.549
klkb,i4,l2,upper,5,12.529,19.023
klkb,i5,l1,lower,1,-4.086,14.519
klkb,i5,l1,lower,2,-81.254,13.193
klkb,i5,l1,lower,3,-23.199,14.621
klkb,i5,l1,lower,4,12.995,13.44
klkb,i5,l1,lower,5,41.634,12.042
klkb,i5,l1,upper,1,-34.992,24.606
klkb,i5,l1,upper,2,-2.121,26.719
klkb,i5,l1,upper,3,-2.726,21.344
klkb,i5,l1,upper,4,-85.03,22.755
klkb,i5,l1,upper,5,-2.862,20.006
klkb,i5,l2,lower,1,-35.218,20.894
klkb,i5,l2,lower,2,-12.095,14.252
klkb,i5,l2,lower,3,-6.71,17.49
klkb,i5,l2,lower,4,2.862,20.025
klkb,i5,l2,lower,5,29.745,16.125
klkb,i5,l2,upper,1,174.56,20.763
klkb,i5,l2,upper,2,-130.815,29.153
klkb,i5,l2,upper,3,4.97,22.838
klkb,i5,l2,upper,4,-16.928,23.507
klkb,i5,l2,upper,5,174.644,32.191
klkb,i6,l1,lower,1,8.13,14.43
klkb,i6,l1,lower,2,50.711,14.426
klkb,i6,l1,lower,3,-127.875,11.6
klkb,i6,l1,lower,4,-94.764,12.562
klkb,i6,l1,lower,5,-57.529,13.252
klkb,i6,l1,upper,1,17.526,20.163
klkb,i6,l1,upper,2,-16.39,17.868
klkb,i6,l1,upper,3,-175.03,22.706
klkb,i6,l1,upper,4,10.784,21.378
klkb,i6,l1,upper,5,98.746,26.306
klkb,i6,l2,lower,1,-52.431,15.636
klkb,i6,l2,lower,2,-90,17.341
klkb,i6,l2,lower,3,-118.301,14.424
klkb,i6,l2,lower,4,-26.565,17.112
klkb,i6,l2,lower,5,-169.38,16.525
klkb,i6,l2,upper,1,-28.072,16.78
klkb,i6,l2,upper,2,-57.095,20.385
klkb,i6,l2,upper,3,-26.565,19.906
klkb,i6,l2,upper,4,135,21.216
klkb,i6,l2,upper,5,-53.973,13.601
klkb,i7,l2,lower,1,61.39,12.075
klkb,i7,l2,lower,2,-69.444,16.621
klkb,i7,l2,lower,3,0,13.671
klkb,i7,l2,lower,4,-59.036,11.319
klkb,i7,l2,lower,5,26.565,13.64
klkb,i7,l2,upper,1,45,13.679
klkb,i7,l2,upper,2,155.772,21.667
klkb,i7,l2,upper,3,-7.431,22.961
klkb,i7,l2,upper,4,0,22.336
klkb,i7,l2,upper,5,-46.637,24.531
klkb,i8,l1,lower,1,47.726,15.052
klkb,i8,l1,lower,2,33.69,14.422
klkb,i8,l1,lower,3,-171.87,14.18
klkb,i8,l1,lower,4,-127.569,16.008
klkb,i8,l1,lower,5,-55.008,12.851
klkb,i8,l1,upper,1,-122.619,29.682
klkb,i8,l1,upper,2,-42.51,33.5
klkb,i8,l1,upper,3,33.024,23.854
klkb,i8,l1,upper,4,-94.399,26.104
klkb,i8,l1,upper,5,-178.025,29.674
hlan,i1,l1,lower,1,-58.392,15.092
hlan,i1,l1,lower,2,0,19.012
hlan,i1,l1,lower,3,-140.194,16.138
hlan,i1,l1,lower,4,-4.764,11.543
hlan,i1,l1,lower,5,-85.914,13.903
hlan,i1,l1,upper,1,-71.565,18.974
hlan,i1,l1,upper,2,27.759,20.883
hlan,i1,l1,upper,3,23.962,19.437
hlan,i1,l1,upper,4,150.751,28.653
hlan,i1,l1,upper,5,-130.236,17.337
hlan,i1,l2,lower,1,11.31,14.907
hlan,i1,l2,lower,2,11.31,15.454
hlan,i1,l2,lower,3,47.49,16.651
hlan,i1,l2,lower,4,-81.87,13.613
hlan,i1,l2,lower,5,-59.744,14.199
hlan,i1,l2,upper,1,-10.491,28.309
hlan,i1,l2,upper,2,36.87,25.11
hlan,i1,l2,upper,3,42.274,29.713
hlan,i1,l2,upper,4,-83.089,33.738
hlan,i1,l2,upper,5,-127.694,27.487
hlan,i2,l1,lower,1,10.305,12.013
hlan,i2,l1,lower,2,-3.814,15.181
hlan,i2,l1,lower,3,-131.634,24.052
hlan,i2,l1,lower,4,32.276,22.932
hlan,i2,l1,lower,5,-9.09,25.044
hlan,i2,l1,upper,1,-40.101,24.271
hlan,i2,l1,upper,2,-29.745,24.187
hlan,i2,l1,upper,3,-90,28.504
hlan,i2,l1,upper,4,-110.556,25.517
hlan,i2,l1,upper,5,11.768,24.568
hlan,i2,l2,lower,1,-94.764,12.074
hlan,i2,l2,lower,2,-81.87,14.08
hlan,i2,l2,lower,3,3.366,16.697
hlan,i2,l2,lower,4,42.51,16.267
hlan,i2,l2,lower,5,-50.194,15.077
hlan,i2,l2,upper,1,24.228,22.142
hlan,i2,l2,upper,2,0,20.502
hlan,i2,l2,upper,3,-54.462,17.337
hlan,i2,l2,upper,4,-120.466,20.011
hlan,i2,l2,upper,5,-114.228,21.628
hlan,i3,l1,lower,1,5.711,19.558
hlan,i3,l1,lower,2,-90,15
hlan,i3,l1,lower,3,-118.61,12.777
hlan,i3,l1,lower,4,-39.289,14.533
hlan,i3,l1,lower,5,-21.801,16.415
hlan,i3,l1,upper,1,-42.879,19.105
hlan,i3,l1,upper,2,-52.125,22.902
hlan,i3,l1,upper,3,4.764,23.359
hlan,i3,l1,upper,4,-10.784,21.769
hlan,i3,l1,upper,5,55.008,24.223
hlan,i3,l2,lower,1,-53.13,10.467
hlan,i3,l2,lower,2,30.964,11.785
hlan,i3,l2,lower,3,-93.576,15.324
hlan,i3,l2,lower,4,-8.746,12.906
hlan,i3,l2,lower,5,-52.125,11.909
hlan,i3,l2,upper,1,-3.814,15.033
hlan,i3,l2,upper,2,26.565,15.506
hlan,i3,l2,upper,3,49.764,16.776
hlan,i3,l2,upper,4,-47.49,16.265
hlan,i3,l2,upper,5,-64.799,19.09
hlan,i4,l1,lower,1,47.49,16.464
hlan,i4,l1,lower,2,11.31,20.213
hlan,i4,l1,lower,3,0,20
hlan,i4,l1,lower,4,-64.654,21.024
hlan,i4,l1,lower,5,3.013,19.558
hlan,i4,l1,upper,1,59.036,17.951
hlan,i4,l1,upper,2,-45,25.456
hlan,i4,l1,upper,3,-21.251,19.565
hlan,i4,l1,upper,4,-126.254,19.211
hlan,i4,l1,upper,5,-30.466,19.556
hlan,i4,l2,lower,1,16.39,17.604
hlan,i4,l2,lower,2,-41.987,13.454
hlan,i4,l2,lower,3,0,13.252
hlan,i4,l2,lower,4,-28.61,12.971
hlan,i4,l2,lower,5,0,17.167
hlan,i5,l1,lower,1,63.435,16.255
hlan,i5,l1,lower,2,4.086,14.063
hlan,i5,l1,lower,3,-101.889,19.47
hlan,i5,l1,lower,4,-53.746,18.312
hlan,i5,l1,lower,5,-10.008,17.468
hlan,i5,l1,upper,1,-165.069,15.846
hlan,i5,l1,upper,2,-6.71,17.745
hlan,i5,l1,upper,3,-137.121,19.093
hlan,i5,l1,upper,4,-75.069,14.977
hlan,i5,l1,upper,5,-25.201,19.09
hlan,i5,l2,lower,1,-52.431,16.008
hlan,i5,l2,lower,2,3.366,17.029
hlan,i5,l2,lower,3,-51.34,19.526
hlan,i5,l2,lower,4,30.964,11.927
hlan,i5,l2,lower,5,-99.462,24.388
hlan,i5,l2,upper,1,-127.875,22.902
hlan,i5,l2,upper,2,-135,20.506
hlan,i5,l2,upper,3,0,26.255
hlan,i5,l2,upper,4,177.397,22.512
hlan,i5,l2,upper,5,-159.146,22.299
hlan,i6,l1,upper,1,37.875,22.5
hlan,i6,l1,upper,2,149.534,20.156
hlan,i6,l1,upper,3,-40.601,27.877
hlan,i6,l2,lower,1,-93.814,15.033
hlan,i6,l2,lower,2,-45,16.974
hlan,i6,l2,lower,3,41.987,13.975
hlan,i6,l2,lower,4,-4.764,12.185
hlan,i6,l2,lower,5,-37.569,16.101
hlan,i6,l2,upper,1,-76.608,20.858
hlan,i6,l2,upper,2,17.65,23.491
hlan,i6,l2,upper,3,-78.69,19.857
hlan,i6,l2,upper,4,-72.474,19.953
hlan,i7,l1,lower,1,174.806,11.026
hlan,i7,l1,lower,2,0,11.005
hlan,i7,l1,lower,3,0,15.019
hlan,i7,l1,lower,4,-45,15.734
hlan,i7,l1,lower,5,-45,14.674
hlan,i7,l1,upper,1,-47.121,19.623
hlan,i7,l1,upper,2,-5.44,20.824
hlan,i7,l1,upper,3,-22.249,23.866
hlan,i7,l1,upper,4,-87.397,22.013
hlan,i7,l1,upper,5,-163.301,20.881
hlan,i7,l2,lower,1,4.399,13.038
hlan,i7,l2,lower,2,8.746,12.817
hlan,i7,l2,lower,3,-24.775,14.02
hlan,i7,l2,lower,4,28.61,12.53
hlan,i7,l2,lower,5,-10.305,11.597
hlan,i7,l2,upper,1,-59.744,13.987
hlan,i8,l1,lower,1,4.97,22.395
hlan,i8,l1,lower,2,63.435,15.882
hlan,i8,l1,lower,3,-41.634,12.068
hlan,i8,l1,lower,4,60.255,16.125
hlan,i8,l1,lower,5,13.241,17.629
hlan,i8,l1,upper,1,180,21.25
hlan,i8,l1,upper,2,-103.496,25.224
hlan,i8,l1,upper,3,144.782,20.537
hlan,i8,l1,upper,4,-163.301,21.2
hlan,i8,l2,lower,1,-90,15.008
hlan,i8,l2,lower,2,41.987,13.316
hlan,i8,l2,lower,3,-72.897,14.178
hlan,i8,l2,lower,4,0,11.753
hlan,i8,l2,lower,5,-45,12.966
hlan,i8,l2,upper,1,63.435,22.659
hlan,i8,l2,upper,2,26.565,22.659
hlan,i8,l2,upper,3,77.905,28.962
hlan,i8,l2,upper,4,105.945,22.073
hlan,i8,l2,upper,5,2.862,20.044
hlan,i8,l3,lower,1,0,14.667
hlan,i8,l3,lower,2,-7.595,14.329
hlan,i8,l3,lower,3,10.008,17.017
hlan,i8,l3,lower,4,123.69,14.577
hlan,i8,l3,lower,5,-38.66,12.078
hlan,i8,l3,upper,1,55.713,26.912
hlan,i8,l3,upper,2,19.983,23.214
hwlr,i1,l1,lower,1,-67.62,18.454
hwlr,i1,l1,lower,2,42.709,17.855
hwlr,i1,l1,lower,3,35.218,20.852
hwlr,i1,l1,lower,4,-46.975,20.684
hwlr,i1,l1,lower,5,29.055,21.25
hwlr,i1,l1,upper,1,-37.569,16.051
hwlr,i1,l1,upper,2,-86.82,17.564
hwlr,i1,l1,upper,3,5.194,22.069
hwlr,i1,l1,upper,4,39.472,22.492
hwlr,i1,l1,upper,5,41.186,21.426
hwlr,i1,l2,lower,1,-79.38,16.607
hwlr,i1,l2,lower,2,26.565,18.229
hwlr,i1,l2,lower,3,-49.399,18.439
hwlr,i1,l2,lower,4,-104.931,15.366
hwlr,i1,l2,lower,5,-66.371,16.906
hwlr,i1,l2,upper,1,-55.305,16.364
hwlr,i1,l2,upper,2,52.595,21.751
hwlr,i1,l2,upper,3,-100.62,16.194
hwlr,i1,l2,upper,4,2.862,20.006
hwlr,i1,l2,upper,5,56.31,18.236
hwlr,i2,l1,lower,1,25.201,19.082
hwlr,i2,l1,lower,2,-55.305,15.258
hwlr,i2,l1,lower,3,39.806,15.514
hwlr,i2,l1,lower,4,-42.51,16.506
hwlr,i2,l1,lower,5,-11.889,19.958
hwlr,i2,l1,upper,1,0,19.506
hwlr,i2,l1,upper,2,-121.43,21.226
hwlr,i2,l1,upper,3,-113.199,22.718
hwlr,i2,l1,upper,4,-122.276,22.472
hwlr,i2,l1,upper,5,5.194,22.638
hwlr,i2,l2,lower,1,-55.305,15.811
hwlr,i2,l2,lower,2,41.987,14.329
hwlr,i2,l2,lower,3,-36.87,14.91
hwlr,i2,l2,lower,4,-11.31,15.348
hwlr,i2,l2,lower,5,32.735,16.643
hwlr,i2,l2,upper,1,-102.529,18.927
hwlr,i2,l2,upper,2,-133.152,21.216
hwlr,i2,l2,upper,3,-26.565,19.679
hwlr,i2,l2,upper,4,-51.34,19.3
hwlr,i2,l2,upper,5,0,18.003
hwlr,i3,l1,lower,1,-75.256,19.647
hwlr,i3,l1,lower,2,-54.462,16.919
hwlr,i3,l1,lower,3,3.576,15.752
hwlr,i3,l1,lower,4,42.51,16.279
hwlr,i3,l1,lower,5,-49.764,17.062
hwlr,i3,l1,upper,1,-101.31,20.447
hwlr,i3,l1,upper,2,36.87,19.851
hwlr,i3,l1,upper,3,2.291,24.703
hwlr,i3,l1,upper,4,-15.255,22.296
hwlr,i3,l1,upper,5,45,22.627
hwlr,i3,l2,lower,1,-77.471,18.439
hwlr,i3,l2,lower,2,-59.036,17.545
hwlr,i3,l2,lower,3,-86.634,17.587
hwlr,i3,l2,lower,4,-98.531,19.591
hwlr,i3,l2,lower,5,0,16.68
hwlr,i3,l2,upper,1,-60.255,23.732
hwlr,i3,l2,upper,2,60.255,23.505
hwlr,i3,l2,upper,3,9.462,23.927
hwlr,i3,l2,upper,4,-50.194,23.401
hwlr,i3,l2,upper,5,10.784,21.922
hwlr,i4,l1,lower,1,-90,14.75
hwlr,i4,l1,lower,2,-85.914,13.509
hwlr,i4,l1,lower,3,28.301,14.539
hwlr,i4,l1,lower,4,-30.964,17.18
hwlr,i4,l1,lower,5,-130.236,16.839
hwlr,i4,l1,upper,1,19.44,17.792
hwlr,i4,l1,upper,2,-3.18,18.028
hwlr,i4,l1,upper,3,-25.017,16.771
hwlr,i4,l1,upper,4,40.914,19.599
hwlr,i4,l1,upper,5,-119.358,18.737
hwlr,i4,l3,lower,1,-82.875,16.9
hwlr,i4,l3,lower,2,45,14.853
hwlr,i4,l3,lower,3,-60.255,16.869
hwlr,i4,l3,lower,4,25.201,18.683
hwlr,i4,l3,lower,5,-28.301,14.65
hwlr,i4,l3,upper,1,-47.291,17.328
hwlr,i4,l3,upper,2,40.914,19.474
hwlr,i4,l3,upper,3,-36.254,18.252
hwlr,i4,l3,upper,4,63.435,18.337
hwlr,i4,l3,upper,5,-49.399,18.768
hwlr,i5,l1,lower,1,-19.44,18.99
hwlr,i5,l1,lower,2,-39.806,15.436
hwlr,i5,l1,lower,3,-3.18,18.561
hwlr,i5,l1,lower,4,-86.987,18.679
hwlr,i5,l1,lower,5,-14.036,16.372
hwlr,i5,l1,upper,1,-53.746,18.135
hwlr,i5,l1,upper,2,-6.71,17.413
hwlr,i5,l1,upper,3,-50.906,19.912
hwlr,i5,l1,upper,4,-67.62,18.848
hwlr,i5,l1,upper,5,-55.491,19.599
hwlr,i5,l2,lower,1,6.34,18.111
hwlr,i5,l2,lower,2,-49.764,17.257
hwlr,i5,l2,lower,3,3.366,17.545
hwlr,i5,l2,lower,4,31.608,15.821
hwlr,i5,l2,lower,5,0,20.003
hwlr,i5,l2,upper,1,3.013,18.507
hwlr,i5,l2,upper,2,26.565,19.906
hwlr,i5,l2,upper,3,-39.094,20.572
hwlr,i5,l2,upper,4,27.897,18.933
hwlr,i5,l2,upper,5,-19.29,20.924
hwlr,i6,l1,lower,1,-95.44,21.593
hwlr,i6,l1,lower,2,-17.354,17.077
hwlr,i6,l1,lower,3,0,20
hwlr,i6,l1,lower,4,-60.642,18.14
hwlr,i6,l1,lower,5,2.862,20.006
hwlr,i6,l1,upper,1,11.31,20.396
hwlr,i6,l1,upper,2,-84.56,21.095
hwlr,i6,l1,upper,3,-7.765,22.864
hwlr,i6,l1,upper,4,-4.764,24.058
hwlr,i6,l1,upper,5,-27.646,24.373
hwlr,i6,l2,lower,1,-27.897,19.235
hwlr,i6,l2,lower,2,38.157,17.766
hwlr,i6,l2,lower,3,23.962,19.698
hwlr,i6,l2,lower,4,-22.38,18.821
hwlr,i6,l2,lower,5,-60.255,16.627
hwlr,i6,l2,upper,1,-27.408,30.71
hwlr,i6,l2,upper,2,-81.87,20.9
hwlr,i6,l2,upper,3,50.194,23.393
hwlr,i6,l2,upper,4,24.228,22.236
hwlr,i6,l2,upper,5,-45,20.742
hwlr,i7,l1,lower,1,-96.71,16.621
hwlr,i7,l1,lower,2,0,16.667
hwlr,i7,l1,lower,3,-59.744,14.472
hwlr,i7,l1,lower,4,0,16.75
hwlr,i7,l1,lower,5,0,14.833
hwlr,i7,l1,upper,1,-117.897,19.901
hwlr,i7,l1,upper,2,56.31,22.191
hwlr,i7,l1,upper,3,-64.654,21.914
hwlr,i7,l1,upper,4,-69.775,20.57
hwlr,i7,l1,upper,5,0,20
hwlr,i7,l2,lower,1,-14.036,16.576
hwlr,i7,l2,lower,2,-23.962,20.442
hwlr,i7,l2,lower,3,-90,13.171
hwlr,i7,l2,lower,4,38.157,17.609
hwlr,i7,l2,lower,5,-3.366,17.04
hwlr,i7,l2,upper,1,85.236,23.725
hwlr,i7,l2,upper,2,-16.928,24.192
hwlr,i7,l2,upper,3,-50.194,16.138
hwlr,i7,l2,upper,4,58.57,21.36
hwlr,i7,l2,upper,5,-90,19.667
hwlr,i8,l1,lower,1,-77.905,14.391
hwlr,i8,l1,lower,2,48.366,11.503
hwlr,i8,l1,lower,3,12.995,14.022
hwlr,i8,l1,lower,4,28.61,12.971
hwlr,i8,l1,lower,5,-34.992,12.137
hwlr,i8,l1,upper,1,-49.399,18.507
hwlr,i8,l1,upper,2,45,21.685
hwlr,i8,l1,upper,3,-60.945,20.011
hwlr,i8,l1,upper,4,20.854,23.027
hwlr,i8,l1,upper,5,-49.399,18.224
hwlr,i8,l2,lower,1,-61.928,16.707
hwlr,i8,l2,lower,2,0,12.351
hwlr,i8,l2,lower,3,52.125,11.6
hwlr,i8,l2,lower,4,5.194,11.597
hwlr,i8,l2,lower,5,-19.983,11.885
hwlr,i8,l2,upper,1,42.274,15.322
hwlr,i8,l2,upper,2,27.759,21.766
hwlr,i8,l2,upper,3,-83.66,17.745
hwlr,i8,l2,upper,4,-54.782,20.809
hwlr,i8,l2,upper,5,22.38,18.883
kgma,i1,l1,lower,1,-63.435,12.748
kgma,i1,l1,lower,2,-63.435,13.532
kgma,i1,l1,lower,3,-53.13,15.074
kgma,i1,l1,lower,4,-45,12.379
kgma,i1,l1,lower,5,48.013,14.174
kgma,i1,l1,upper,1,-22.38,17.904
kgma,i1,l1,upper,2,-59.036,17.366
kgma,i1,l1,upper,3,180,17.502
kgma,i1,l1,upper,4,84.289,19.66
kgma,i1,l1,upper,5,42.51,15.836
kgma,i1,l2,lower,1,-8.13,13.732
kgma,i1,l2,lower,2,28.301,14.765
kgma,i1,l2,lower,3,-107.103,13.283
kgma,i1,l2,lower,4,-42.51,15.945
kgma,i1,l2,lower,5,18.435,13.072
kgma,i1,l2,upper,1,39.806,16.138
kgma,i1,l2,upper,2,-20.225,20.366
kgma,i1,l2,upper,3,17.526,19.396
kgma,i1,l2,upper,4,-35.538,17.5
kgma,i1,l2,upper,5,-83.66,18.151
kgma,i2,l1,lower,1,-59.036,11.629
kgma,i2,l1,lower,2,-5.711,10.05
kgma,i2,l1,lower,3,0,16
kgma,i2,l1,lower,4,122.471,13.25
kgma,i2,l1,lower,5,59.036,11.877
kgma,i2,l1,upper,1,-14.931,15.89
kgma,i2,l1,upper,2,-83.29,16.455
kgma,i2,l1,upper,3,-51.843,18.535
kgma,i2,l1,upper,4,-56.31,17.845
kgma,i2,l1,upper,5,-98.13,13.933
kgma,i2,l2,lower,1,28.301,14.545
kgma,i2,l2,lower,2,-39.806,15.782
kgma,i2,l2,lower,3,4.764,12.554
kgma,i2,l2,lower,4,-45,13.44
kgma,i2,l2,lower,5,50.711,14.447
kgma,i2,l2,upper,1,-80.538,17.867
kgma,i2,l2,upper,2,0,19
kgma,i2,l2,upper,3,-29.745,24.452
kgma,i2,l2,upper,4,-7.125,24.561
kgma,i2,l2,upper,5,3.18,18.679
kgma,i3,l1,lower,1,-37.875,11.571
kgma,i3,l1,lower,2,-48.013,12.935
kgma,i3,l1,lower,3,61.699,14.765
kgma,i3,l1,lower,4,-39.289,14.409
kgma,i3,l1,lower,5,9.462,12.258
kgma,i3,l1,upper,1,17.354,17.182
kgma,i3,l1,upper,2,-58.392,15.052
kgma,i3,l1,upper,3,45,15.734
kgma,i3,l1,upper,4,-120.964,18.409
kgma,i3,l1,upper,5,56.31,21.838
kgma,i3,l2,lower,1,-99.462,12.87
kgma,i3,l2,lower,2,-26.565,13.53
kgma,i3,l2,lower,3,-36.87,15.734
kgma,i3,l2,lower,4,28.61,13.149
kgma,i3,l2,lower,5,-45,12.512
kgma,i3,l2,upper,1,-27.897,19.015
kgma,i3,l2,upper,2,6.71,17.117
kgma,i3,l2,upper,3,75.964,16.255
kgma,i3,l2,upper,4,-62.103,18.812
kgma,i3,l2,upper,5,3.18,17.695
kgma,i4,l1,lower,1,4.764,11.353
kgma,i4,l1,lower,2,4.764,12.671
kgma,i4,l1,lower,3,48.013,13.793
kgma,i4,l1,lower,4,-90,11.75
kgma,i4,l1,lower,5,-48.366,12.395
kgma,i4,l1,upper,1,28.811,22.825
kgma,i4,l1,upper,2,38.66,25.303
kgma,i4,l1,upper,3,43.264,23.104
kgma,i4,l1,upper,4,-25.463,23.485
kgma,i4,l1,upper,5,-10.305,22.033
kgma,i4,l2,lower,1,-85.601,13.558
kgma,i4,l2,lower,2,-5.194,11.081
kgma,i4,l2,lower,3,-30.256,13.892
kgma,i4,l2,lower,4,-82.405,15.51
kgma,i4,l2,lower,5,-41.186,10.66
kgma,i4,l2,upper,1,-82.405,15.839
kgma,i4,l2,upper,2,-90,16.333
kgma,i4,l2,upper,3,-90,15.337
kgma,i4,l2,upper,4,-51.843,17.544
kgma,i4,l2,upper,5,-45,19.093
kgma,i5,l1,lower,1,-3.576,16.049
kgma,i5,l1,lower,2,-90,14.252
kgma,i5,l1,lower,3,-39.289,13.75
kgma,i5,l1,lower,4,-15.945,14.252
kgma,i5,l1,lower,5,56.31,14.502
kgma,i5,l1,upper,1,-39.094,20.23
kgma,i5,l1,upper,2,-53.973,13.914
kgma,i5,l1,upper,3,-81.87,13.4
kgma,i5,l1,upper,4,-13.496,26.113
kgma,i5,l1,upper,5,-64.654,21.169
kgma,i5,l2,lower,1,7.125,15.381
kgma,i5,l2,lower,2,50.194,15.405
kgma,i5,l2,lower,3,-111.801,16.405
kgma,i5,l2,lower,4,-64.983,16.327
kgma,i5,l2,lower,5,-61.928,16.398
kgma,i5,l2,upper,1,-138.576,22.201
kgma,i5,l2,upper,2,-27.759,21.499
kgma,i5,l2,upper,3,-50.906,20.616
kgma,i5,l2,upper,4,-2.386,24.021
kgma,i5,l2,upper,5,-38.66,19.734
kgma,i6,l1,lower,1,-48.013,13.744
kgma,i6,l1,lower,2,-32.471,13.683
kgma,i6,l1,lower,3,-30.964,11.319
kgma,i6,l1,lower,4,-7.595,15.415
kgma,i6,l1,lower,5,18.435,12.74
kgma,i6,l1,upper,1,15.255,22.482
kgma,i6,l1,upper,2,56.31,18.306
kgma,i6,l1,upper,3,-14.036,21.467
kgma,i6,l1,upper,4,-81.469,19.977
kgma,i6,l2,lower,1,34.992,12.701
kgma,i6,l2,lower,2,-41.987,13.829
kgma,i6,l2,lower,3,-15.945,14.631
kgma,i6,l2,lower,4,3.576,16.002
kgma,i6,l2,lower,5,-81.254,13.558
kgma,i6,l2,upper,1,19.44,17.714
kgma,i6,l2,upper,2,-140.711,14.644
kgma,i6,l2,upper,3,25.463,23.554
kgma,i6,l2,upper,4,-16.699,20.787
kgma,i6,l2,upper,5,-31.43,21.271
kgma,i7,l1,lower,1,21.251,18.883
kgma,i7,l1,lower,2,-41.987,13.966
kgma,i7,l1,lower,3,37.569,16.138
kgma,i7,l1,lower,4,48.366,11.557
kgma,i7,l1,lower,5,-45,16.035
kgma,i7,l1,upper,1,78.69,20.333
kgma,i7,l1,upper,2,-22.38,18.883
kgma,i7,l1,upper,3,-46.637,24.759
kgma,i7,l1,upper,4,-33.69,22.096
kgma,i7,l1,upper,5,39.094,20.616
kgma,i7,l2,lower,1,90,13.25
kgma,i7,l2,lower,2,9.462,12.492
kgma,i7,l2,lower,3,34.992,12.619
kgma,i7,l2,lower,4,-82.875,15.628
kgma,i7,l2,lower,5,80.538,12.555
kgma,i7,l2,upper,1,-10.784,21.378
kgma,i7,l2,upper,2,-14.621,23.286
kgma,i7,l2,upper,3,-2.045,28.04
kgma,i7,l2,upper,4,7.125,24.187
kgma,i7,l2,upper,5,-14.036,24.415
kgma,i8,l1,lower,1,-26.565,17.889
kgma,i8,l1,lower,2,-20.556,16.974
kgma,i8,l1,lower,3,21.038,13.187
kgma,i8,l1,lower,4,18.435,15.811
kgma,i8,l1,lower,5,-82.405,15.628
kgma,i8,l1,upper,1,-2.49,23.022
kgma,i8,l1,upper,2,4.764,24.037
kgma,i8,l1,upper,3,10.784,20.934
kgma,i8,l1,upper,4,-2.603,22.522
kgma,i8,l1,upper,5,-2.726,21.357
kgma,i8,l2,lower,1,4.399,12.772
kgma,i8,l2,lower,2,-56.31,14.769
kgma,i8,l2,lower,3,-29.745,16.415
kgma,i8,l2,lower,4,-37.569,16.607
kgma,i8,l2,lower,5,18.435,12.445
kgma,i8,l2,upper,1,-2.203,26.761
kgma,i8,l2,upper,2,-67.62,18.757
kgma,i8,l2,upper,3,-107.103,26.992
kgma,i8,l2,upper,4,-54.689,28.674
kgma,i8,l2,upper,5,-39.289,28.425
ktrs,i1,l1,lower,1,22.62,12.875
ktrs,i1,l1,lower,2,41.634,12.042
ktrs,i1,l1,lower,3,7.595,15.092
ktrs,i1,l1,lower,4,0,12.01
ktrs,i1,l1,lower,5,5.194,11.275
ktrs,i1,l1,upper,1,-7.765,22.581
ktrs,i1,l1,upper,2,-25.463,23.259
ktrs,i1,l1,upper,3,-70.71,21.662
ktrs,i1,l1,upper,4,-53.746,18.8
ktrs,i1,l1,upper,5,12.804,23.049
ktrs,i1,l2,lower,1,-41.987,13.622
ktrs,i1,l2,lower,2,0,12.671
ktrs,i1,l2,lower,3,35.538,16.935
ktrs,i1,l2,lower,4,-57.529,12.579
ktrs,i1,l2,lower,5,19.654,14.67
ktrs,i1,l2,upper,1,69.775,19.624
ktrs,i1,l2,upper,2,82.405,15.133
ktrs,i1,l2,upper,3,86.82,18.012
ktrs,i1,l2,upper,4,0,18.333
ktrs,i1,l2,upper,5,-14.036,16.74
ktrs,i2,l1,lower,1,68.962,13.987
ktrs,i2,l1,lower,2,-50.194,16.138
ktrs,i2,l1,lower,3,4.764,12.671
ktrs,i2,l1,lower,4,21.038,13.618
ktrs,i2,l1,lower,5,-8.13,13.482
ktrs,i2,l1,upper,1,28.61,25.269
ktrs,i2,l1,upper,2,0,17.013
ktrs,i2,l1,upper,3,111.371,24.642
ktrs,i2,l1,upper,4,16.26,25
ktrs,i2,l2,lower,1,0,13.017
ktrs,i2,l2,lower,2,-40.236,16.359
ktrs,i2,l2,lower,3,-50.711,14.067
ktrs,i2,l2,lower,4,10.305,11.126
ktrs,i2,l2,lower,5,101.31,15.18
ktrs,i2,l2,upper,1,-3.18,18.831
ktrs,i2,l2,upper,2,70.71,20.792
ktrs,i2,l2,upper,3,59.534,19.769
ktrs,i2,l2,upper,4,14.036,21.291
ktrs,i2,l2,upper,5,47.121,19.093
ktrs,i3,l1,lower,1,10.305,11.245
ktrs,i3,l1,lower,2,9.462,11.571
ktrs,i3,l1,lower,3,108.435,12.758
ktrs,i3,l1,lower,4,-5.194,11.319
ktrs,i3,l1,lower,5,15.255,11.866
ktrs,i3,l1,upper,1,19.799,26.062
ktrs,i3,l1,upper,2,7.765,22.204
ktrs,i3,l1,upper,3,21.801,27.067
ktrs,i3,l1,upper,4,74.578,30.46
ktrs,i3,l1,upper,5,17.241,30.683
ktrs,i3,l2,lower,1,-57.529,13.463
ktrs,i3,l2,lower,2,26.565,15.579
ktrs,i3,l2,lower,3,-90,14.009
ktrs,i3,l2,lower,4,20.556,16.945
ktrs,i3,l2,lower,5,-77.005,13.864
ktrs,i3,l2,upper,1,45,19.576
ktrs,i3,l2,upper,2,74.932,26.498
ktrs,i3,l2,upper,3,-124.992,24.557
ktrs,i3,l2,upper,4,177.397,21.357
ktrs,i3,l2,upper,5,0,24.667
ktrs,i4,l1,lower,1,30.256,13.892
ktrs,i4,l1,lower,2,60.945,10.462
ktrs,i4,l1,lower,3,4.764,11.88
ktrs,i4,l1,lower,4,-8.746,13.73
ktrs,i4,l1,lower,5,90,10.833
ktrs,i4,l1,upper,1,-60.255,16.125
ktrs,i4,l1,upper,2,-4.97,23.06
ktrs,i4,l1,upper,3,-9.866,23.265
ktrs,i4,l1,upper,4,-66.501,25.08
ktrs,i4,l1,upper,5,-29.476,25.986
ktrs,i4,l2,lower,1,-30.256,13.73
ktrs,i4,l2,lower,2,-30.964,11.494
ktrs,i4,l2,lower,3,51.34,12.806
ktrs,i4,l2,lower,4,55.305,15.467
ktrs,i4,l2,lower,5,-10.305,11.597
ktrs,i4,l2,upper,1,8.13,21.675
ktrs,i4,l2,upper,2,-12.804,22.317
ktrs,i4,l2,upper,3,-67.068,28.288
ktrs,i4,l2,upper,4,55.008,24.141
ktrs,i4,l2,upper,5,43.152,22.403
ktrs,i5,l1,lower,1,3.814,14.395
ktrs,i5,l1,lower,2,-37.875,11.8
ktrs,i5,l1,lower,3,34.992,12.5
ktrs,i5,l1,lower,4,-68.199,10.515
ktrs,i5,l1,lower,5,-34.992,12.352
ktrs,i5,l1,upper,1,-33.69,25.055
ktrs,i5,l1,upper,2,-26.565,19.978
ktrs,i5,l1,upper,3,-111.038,27.391
ktrs,i5,l1,upper,4,-41.424,22.452
ktrs,i5,l2,lower,1,-59.744,14.181
ktrs,i5,l2,lower,2,45,12.199
ktrs,i5,l2,lower,3,-41.987,14.02
ktrs,i5,l2,lower,4,-71.565,12.412
ktrs,i5,l2,lower,5,-149.036,11.377
ktrs,i5,l2,upper,1,-72.474,20.09
ktrs,i5,l2,upper,2,-52.125,23.135
ktrs,i5,l2,upper,3,-53.616,23.601
ktrs,i5,l2,upper,4,-9.462,18.742
ktrs,i5,l2,upper,5,-59.931,21.499
ktrs,i6,l1,lower,1,-56.31,10.817
ktrs,i6,l1,lower,2,4.764,12.019
ktrs,i6,l1,lower,3,0,11.275
ktrs,i6,l1,lower,4,26.565,10.735
ktrs,i6,l1,lower,5,-78.69,10.919
ktrs,i6,l1,upper,1,0,17.667
ktrs,i6,l1,upper,2,-30.069,21.783
ktrs,i6,l1,upper,3,-28.811,23.071
ktrs,i6,l1,upper,4,-141.34,19.209
ktrs,i6,l1,upper,5,0,19.003
ktrs,i6,l2,lower,1,-11.31,10.607
ktrs,i6,l2,lower,2,-63.435,10.515
ktrs,i6,l2,lower,3,0,11.671
ktrs,i6,l2,lower,4,-53.13,10.277
ktrs,i6,l2,lower,5,26.565,10.966
ktrs,i6,l2,upper,1,-48.576,23.118
ktrs,i6,l2,upper,2,-82.235,21.645
ktrs,i6,l2,upper,3,17.354,16.66
ktrs,i6,l2,upper,4,143.616,24.005
ktrs,i6,l2,upper,5,48.814,21.593
ktrs,i7,l1,lower,1,11.31,15.415
ktrs,i7,l1,lower,2,56.31,17.82
ktrs,i7,l1,lower,3,-108.435,16.447
ktrs,i7,l1,lower,4,86.186,15.019
ktrs,i7,l1,lower,5,96.71,17.046
ktrs,i7,l1,upper,1,71.565,15.391
ktrs,i7,l1,upper,2,39.289,14.02
ktrs,i7,l1,upper,3,49.399,18.693
ktrs,i7,l1,upper,4,150.642,18.358
ktrs,i7,l1,upper,5,-173.66,17.385
ktrs,i7,l2,lower,1,112.62,12.54
ktrs,i7,l2,lower,2,90,12.003
ktrs,i7,l2,lower,3,-39.289,14.213
ktrs,i7,l2,lower,4,10.305,10.467
ktrs,i7,l2,lower,5,19.654,14.866
ktrs,i7,l2,upper,1,144.462,16.159
ktrs,i7,l2,upper,2,135,16.737
ktrs,i7,l2,upper,3,2.603,22.356
ktrs,i7,l2,upper,4,45,17.448
ktrs,i7,l2,upper,5,-56.31,21.45
ktrs,i8,l1,lower,1,6.71,16.869
ktrs,i8,l1,lower,2,75.964,16.211
ktrs,i8,l1,lower,3,41.186,11.15
ktrs,i8,l1,lower,4,79.695,11.18
ktrs,i8,l1,lower,5,39.289,13.703
ktrs,i8,l1,upper,1,99.462,18.577
ktrs,i8,l1,upper,2,35.218,21.082
ktrs,i8,l1,upper,3,78.111,19.416
ktrs,i8,l2,lower,1,-57.529,12.579
ktrs,i8,l2,lower,2,-53.973,14.3
ktrs,i8,l2,lower,3,-48.366,12.257
ktrs,i8,l2,lower,4,5.194,11.377
ktrs,i8,l2,lower,5,-74.745,11.813
ktrs,i8,l2,upper,1,-70.017,24.267
ktrs,i8,l2,upper,2,100.305,21.705
ktrs,i8,l2,upper,3,2.386,24.37
ktrs,i8,l2,upper,4,-28.072,17.591
ktrs,i8,l2,upper,5,-11.768,24.26
knpn,i1,l1,lower,1,48.576,21.982
knpn,i1,l1,lower,2,-33.69,24.877
knpn,i1,l1,lower,3,-46.848,22.176
knpn,i1,l1,lower,4,-41.186,21.512
knpn,i1,l1,lower,5,-14.036,24.822
knpn,i1,l1,upper,1,-66.371,18.209
knpn,i1,l1,upper,2,37.569,16.711
knpn,i1,l1,upper,3,6.71,17.117
knpn,i1,l1,upper,4,15.945,21.108
knpn,i1,l1,upper,5,-50.906,20.304
knpn,i1,l2,lower,1,68.962,14.02
knpn,i1,l2,lower,2,48.366,12.023
knpn,i1,l2,lower,3,-18.435,13.05
knpn,i1,l2,lower,4,-48.366,11.823
knpn,i1,l2,lower,5,-82.875,15.794
knpn,i1,l2,upper,1,-120.964,18.18
knpn,i1,l2,upper,2,49.086,19.474
knpn,i1,l2,upper,3,-4.764,23.781
knpn,i1,l2,upper,4,58.57,20.529
knpn,i1,l2,upper,5,-6.34,18.608
knpn,i2,l1,lower,1,26.565,15.652
knpn,i2,l1,lower,2,-85.914,14.519
knpn,i2,l1,lower,3,15.945,14.56
knpn,i2,l1,lower,4,-85.914,13.683
knpn,i2,l1,lower,5,48.366,12.748
knpn,i2,l1,upper,1,90,23.336
knpn,i2,l1,upper,2,47.291,17.92
knpn,i2,l1,upper,3,83.991,19.437
knpn,i2,l1,upper,4,43.264,23.345
knpn,i2,l1,upper,5,92.49,22.706
knpn,i2,l2,lower,1,-63.435,15.951
knpn,i2,l2,lower,2,8.973,18.906
knpn,i2,l2,lower,3,-32.471,12.758
knpn,i2,l2,lower,4,-77.905,15.118
knpn,i2,l2,lower,5,-57.265,15.902
knpn,i2,l2,upper,1,95.44,20.597
knpn,i2,l2,upper,2,-75.964,20.616
knpn,i2,l2,upper,3,-40.365,25.87
knpn,i2,l2,upper,4,95.194,22.123
knpn,i2,l2,upper,5,111.801,21.615
knpn,i3,l1,lower,1,7.431,23.525
knpn,i3,l1,lower,2,45,17.913
knpn,i3,l1,lower,3,25.346,21.318
knpn,i3,l1,lower,4,-32.005,18.608
knpn,i3,l1,lower,5,47.291,17.221
knpn,i3,l1,upper,1,-87.397,21.552
knpn,i3,l1,upper,2,-35.218,20.402
knpn,i3,l1,upper,3,-68.199,21.419
knpn,i3,l1,upper,4,41.424,22.923
knpn,i3,l1,upper,5,0,19
knpn,i3,l2,lower,1,-26.565,17.889
knpn,i3,l2,lower,2,36.254,18.601
knpn,i3,l2,lower,3,-18.435,16.55
knpn,i3,l2,lower,4,50.194,15.808
knpn,i3,l2,lower,5,-55.305,15.467
knpn,i3,l2,upper,1,87.51,23.005
knpn,i3,l2,upper,2,87.797,26.7
knpn,i3,l2,upper,3,-36.384,23.333
knpn,i3,l2,upper,4,139.899,24.333
knpn,i3,l2,upper,5,60.255,24.023
knpn,i4,l1,lower,1,45,16.737
knpn,i4,l1,lower,2,-38.157,17.401
knpn,i4,l1,lower,3,-75.964,17.14
knpn,i4,l1,lower,4,-16.39,17.308
knpn,i4,l1,lower,5,45,12.023
knpn,i4,l1,upper,1,27.759,21.914
knpn,i4,l1,upper,2,-46.848,22.403
knpn,i4,l1,upper,3,-64.799,18.634
knpn,i4,l1,upper,4,-138.576,22.236
knpn,i4,l1,upper,5,60.945,20.883
knpn,i4,l2,lower,1,-25.201,18.487
knpn,i4,l2,lower,2,-86.634,17.362
knpn,i4,l2,lower,3,-63.435,18.002
knpn,i4,l2,lower,4,-12.995,13.098
knpn,i4,l2,lower,5,3.18,18.003
knpn,i4,l2,upper,1,38.66,25.467
knpn,i4,l2,upper,2,70.56,18.454
knpn,i4,l2,upper,3,57.095,20.248
knpn,i4,l2,upper,4,30.964,23.61
knpn,i4,l2,upper,5,-60.945,20.797
knpn,i5,l1,lower,1,120.256,14.02
knpn,i5,l1,lower,2,109.654,15.496
knpn,i5,l1,lower,3,128.66,13.2
knpn,i5,l1,lower,4,90,14.5
knpn,i5,l1,lower,5,-19.29,21.345
knpn,i5,l1,upper,1,-11.31,25.889
knpn,i5,l1,upper,2,0,23.667
knpn,i5,l1,upper,3,-30.964,24.01
knpn,i5,l1,upper,4,29.745,24.439
knpn,i5,l1,upper,5,-45,17.448
knpn,i5,l2,lower,1,90,19.336
knpn,i5,l2,lower,2,40.236,17.075
knpn,i5,l2,lower,3,120.466,19.815
knpn,i5,l2,lower,4,95.711,20.039
knpn,i5,l2,lower,5,124.38,22.242
knpn,i5,l2,upper,1,84.289,19.768
knpn,i5,l2,upper,2,97.431,23.057
knpn,i5,l2,upper,3,-34.38,22.816
knpn,i5,l2,upper,4,15.945,21.84
knpn,i5,l2,upper,5,-7.765,21.708
knpn,i6,l1,lower,1,81.87,14.472
knpn,i6,l1,lower,2,-4.086,13.337
knpn,i6,l1,lower,3,4.764,12.042
knpn,i6,l1,lower,4,86.186,15.059
knpn,i6,l1,lower,5,90,17.667
knpn,i6,l1,upper,1,180,27.667
knpn,i6,l1,upper,2,152.103,19.256
knpn,i6,l1,upper,3,-154.537,23.561
knpn,i6,l1,upper,4,53.13,25.467
knpn,i6,l1,upper,5,-4.97,22.786
knpn,i6,l2,lower,1,19.654,15.293
knpn,i6,l2,lower,2,26.565,18.345
knpn,i6,l2,lower,3,-45,12.906
knpn,i6,l2,lower,4,-48.366,12.23
knpn,i6,l2,lower,5,17.354,17.241
knpn,i6,l2,upper,1,-33.69,17.566
knpn,i6,l2,upper,2,33.69,20.894
knpn,i6,l2,upper,3,-135,16.737
knpn,i6,l2,upper,4,29.358,18.49
knpn,i6,l2,upper,5,99.866,23.57
knpn,i7,l1,lower,1,75.069,15.766
knpn,i7,l1,lower,2,45,14.621
knpn,i7,l1,lower,3,-63.435,15.207
knpn,i7,l1,lower,4,42.51,16.776
knpn,i7,l1,lower,5,94.086,14.08
knpn,i7,l1,upper,1,90,17.67
knpn,i7,l1,upper,2,-29.745,24.768
knpn,i7,l1,upper,3,-63.435,24.299
knpn,i7,l1,upper,4,171.254,26.965
knpn,i7,l1,upper,5,-158.629,24.435
knpn,i7,l2,lower,1,-64.983,17.219
knpn,i7,l2,lower,2,52.431,16.325
knpn,i7,l2,lower,3,59.036,17.708
knpn,i7,l2,lower,4,79.992,17.183
knpn,i7,l2,lower,5,-47.49,16.651
knpn,i7,l2,upper,1,-48.814,21.481
knpn,i7,l2,upper,2,-46.848,22.485
knpn,i7,l2,upper,3,143.616,23.485
knpn,i7,l2,upper,4,-12.265,23.537
knpn,i7,l2,upper,5,-55.62,23.022
knpn,i8,l2,lower,1,86.634,17.066
knpn,i8,l2,lower,2,74.055,14.252
knpn,i8,l2,lower,3,-94.764,12.622
knpn,i8,l2,lower,4,45,16.265
knpn,i8,l2,lower,5,63.435,18.196
knpn,i8,l2,upper,1,5.44,20.431
knpn,i8,l2,upper,2,0,19.678
knpn,i8,l2,upper,3,90,19.669
knpn,i8,l2,upper,4,57.095,20.811
knpn,i8,l2,upper,5,-54.462,17.288
nnpl,i1,l1,lower,1,113.962,19.394
nnpl,i1,l1,lower,2,83.991,18.312
nnpl,i1,l1,lower,3,-16.39,18.04
nnpl,i1,l1,lower,4,27.897,19.686
nnpl,i1,l1,lower,5,-19.29,21.108
nnpl,i1,l1,upper,1,19.44,18.236
nnpl,i1,l1,upper,2,60.642,18.04
nnpl,i1,l1,upper,3,-17.65,22.669
nnpl,i1,l1,upper,4,21.801,21.36
nnpl,i1,l1,upper,5,33.024,23.854
nnpl,i1,l2,lower,1,119.358,18.358
nnpl,i1,l2,lower,2,27.759,21.19
nnpl,i1,l2,lower,3,9.462,18.456
nnpl,i1,l2,lower,4,90,18.502
nnpl,i1,l2,lower,5,20.854,22.384
nnpl,i1,l2,upper,1,-37.875,23.219
nnpl,i1,l2,upper,2,16.26,25.071
nnpl,i1,l2,upper,3,41.424,23.049
nnpl,i1,l2,upper,4,-5.44,21.375
nnpl,i1,l2,upper,5,19.29,21.509
whlr,i1,l1,lower,1,0,18.333
whlr,i1,l1,lower,2,6.71,16.688
whlr,i1,l1,lower,3,11.31,20.202
whlr,i1,l1,lower,4,-69.444,16.974
whlr,i1,l1,lower,5,0,18.012
whlr,i1,l1,upper,1,14.744,20.138
whlr,i1,l1,upper,2,6.009,19.291
whlr,i1,l1,upper,3,12.804,21.838
whlr,i1,l1,upper,4,63.435,19.981
whlr,i1,l1,upper,5,43.152,21.705
whlr,i1,l2,lower,1,-10.62,16.221
whlr,i1,l2,lower,2,40.601,18.25
whlr,i1,l2,lower,3,-10.62,15.592
whlr,i1,l2,lower,4,-57.265,16.465
whlr,i1,l2,lower,5,-3.18,17.346
whlr,i1,l2,upper,1,92.49,22.676
whlr,i1,l2,upper,2,47.121,18.752
whlr,i1,l2,upper,3,41.186,22.154
whlr,i1,l2,upper,4,37.405,21.554
whlr,i1,l2,upper,5,0,20.336
whlr,i2,l1,lower,1,118.61,25.221
whlr,i2,l1,lower,2,54.782,20.467
whlr,i2,l1,lower,3,35.538,17.002
whlr,i2,l1,lower,4,32.005,18.951
whlr,i2,l1,lower,5,60.642,17.613
whlr,i2,l1,upper,1,35.838,22.4
whlr,i2,l1,upper,2,52.125,22.256
whlr,i2,l1,upper,3,64.654,20.58
whlr,i2,l1,upper,4,92.49,23.343
whlr,i2,l1,upper,5,-74.476,18.682
whlr,i2,l2,lower,1,6.71,17.413
whlr,i2,l2,lower,2,25.017,16.677
whlr,i2,l2,lower,3,33.69,14.496
whlr,i2,l2,lower,4,47.291,17.545
whlr,i2,l2,lower,5,61.928,17.339
whlr,i2,l2,upper,1,-82.235,21.646
whlr,i2,l2,upper,2,99.462,18.456
whlr,i2,l2,upper,3,-48.576,22.893
whlr,i2,l2,upper,4,29.055,20.301
whlr,i2,l2,upper,5,-85.03,22.755
whlr,i3,l1,lower,1,40.914,19.878
whlr,i3,l1,lower,2,83.29,16.621
whlr,i3,l1,lower,3,-32.005,18.929
whlr,i3,l1,lower,4,8.13,14.554
whlr,i3,l1,lower,5,-86.424,16.298
whlr,i3,l1,upper,1,90,19.003
whlr,i3,l1,upper,2,66.038,19.09
whlr,i3,l1,upper,3,-46.848,22.161
whlr,i3,l1,upper,4,-40.601,18.187
whlr,i3,l1,upper,5,-41.424,22.492
whlr,i3,l2,lower,1,-63.435,16.221
whlr,i3,l2,lower,2,28.301,14.45
whlr,i3,l2,lower,3,-39.806,15.7
whlr,i3,l2,lower,4,-42.274,14.754
whlr,i3,l2,lower,5,45,18.398
whlr,i3,l2,upper,1,81.027,18.856
whlr,i3,l2,upper,2,94.97,22.728
whlr,i3,l2,upper,3,62.103,18.898
whlr,i3,l2,upper,4,40.236,17.414
whlr,i3,l2,upper,5,125.218,20.112
whlr,i4,l1,lower,1,36.87,19.502
whlr,i4,l1,lower,2,-45,12.379
whlr,i4,l1,lower,3,39.806,15.077
whlr,i4,l1,lower,4,90,12.75
whlr,i4,l1,lower,5,71.565,19.138
whlr,i4,l1,upper,1,33.69,17.566
whlr,i4,l1,upper,2,64.983,16.997
whlr,i4,l1,upper,3,102.529,18.439
whlr,i4,l1,upper,4,-15.524,18.2
whlr,i4,l1,upper,5,-25.201,18.788
whlr,i4,l2,lower,1,-15.524,18.682
whlr,i4,l2,lower,2,37.569,16.517
whlr,i4,l2,lower,3,-26.565,17.897
whlr,i4,l2,lower,4,-42.709,18.062
whlr,i4,l2,lower,5,-45,16.267
whlr,i4,l2,upper,1,-36.87,14.802
whlr,i4,l2,upper,2,38.66,13.068
whlr,i4,l2,upper,3,-66.801,16.111
whlr,i4,l2,upper,4,-16.39,17.868
whlr,i4,l2,upper,5,53.13,14.802
whlr,i5,l1,lower,1,10.305,22.361
whlr,i5,l1,lower,2,4.97,23.087
whlr,i5,l1,lower,3,-23.629,17.333
whlr,i5,l1,lower,4,180,19.003
whlr,i5,l1,lower,5,-54.462,16.935
whlr,i5,l1,upper,1,-21.251,18.693
whlr,i5,l1,upper,2,59.534,19.437
whlr,i5,l1,upper,3,9.462,18.173
whlr,i5,l1,upper,4,-36.254,17.903
whlr,i5,l1,upper,5,-3.18,17.545
whlr,i5,l2,lower,1,10.62,16.67
whlr,i5,l2,lower,2,100.62,15.951
whlr,i5,l2,lower,3,122.471,13.108
whlr,i5,l2,lower,4,36.87,15.606
whlr,i5,l2,lower,5,90,17.502
whlr,i5,l2,upper,1,90,15.667
whlr,i5,l2,upper,2,12.804,22.561
whlr,i5,l2,upper,3,-102.529,18.765
whlr,i5,l2,upper,4,-38.66,19.419
whlr,i5,l2,upper,5,32.005,18.98
whlr,i6,l1,lower,1,-15.945,14.56
whlr,i6,l1,lower,2,-95.194,11.353
whlr,i6,l1,lower,3,38.66,12.671
whlr,i6,l1,lower,4,0,13.35
whlr,i6,l1,lower,5,10.008,16.935
whlr,i6,l1,upper,1,19.29,21.929
whlr,i6,l1,upper,2,25.346,21.024
whlr,i6,l1,upper,3,43.152,21.593
whlr,i6,l1,upper,4,14.036,16.344
whlr,i6,l1,upper,5,20.854,22.655
whlr,i6,l2,lower,1,12.995,13.946
whlr,i6,l2,lower,2,-61.699,14.667
whlr,i6,l2,lower,3,-50.711,14.182
whlr,i6,l2,lower,4,0,17.516
whlr,i6,l2,lower,5,47.726,14.037
whlr,i6,l2,upper,1,-53.13,20.669
whlr,i6,l2,upper,2,75.069,14.916
whlr,i6,l2,upper,3,30.964,17.708
whlr,i6,l2,upper,4,87.274,21.357
whlr,i6,l2,upper,5,-49.086,20.54
whlr,i7,l1,lower,1,154.799,19.678
whlr,i7,l1,lower,2,-67.62,18.821
whlr,i7,l1,lower,3,8.13,20.661
whlr,i7,l1,lower,4,-71.565,16.128
whlr,i7,l1,lower,5,54.462,17.15
whlr,i7,l1,upper,1,69.444,17.288
whlr,i7,l1,upper,2,-82.875,16.373
whlr,i7,l1,upper,3,32.735,16.509
whlr,i7,l1,upper,4,-43.025,20.036
whlr,i7,l1,upper,5,-55.305,15.606
whlr,i7,l2,lower,1,8.13,13.777
whlr,i7,l2,lower,2,-10.62,16.525
whlr,i7,l2,lower,3,45,15.322
whlr,i7,l2,lower,4,108.435,16.049
whlr,i7,l2,lower,5,66.801,15.692
whlr,i7,l2,upper,1,39.806,23.01
whlr,i7,l2,upper,2,20.556,17.714
whlr,i7,l2,upper,3,37.405,21.468
whlr,i7,l2,upper,4,39.806,15.973
whlr,i7,l2,upper,5,14.744,19.405
whlr,i8,l1,lower,1,28.301,15.217
whlr,i8,l1,lower,2,-47.726,14.682
whlr,i8,l1,lower,3,-15.524,18.2
whlr,i8,l1,lower,4,23.199,14.577
whlr,i8,l1,lower,5,-39.289,13.744
whlr,i8,l1,upper,1,-20.556,17.088
whlr,i8,l1,upper,2,-2.603,22.336
whlr,i8,l1,upper,3,0,18
whlr,i8,l1,upper,4,-2.726,21.375
whlr,i8,l1,upper,5,68.199,21.232
whlr,i8,l2,lower,1,-82.405,14.727
whlr,i8,l2,lower,2,37.569,16.555
whlr,i8,l2,lower,3,59.744,14.806
whlr,i8,l2,lower,4,96.71,17.49
whlr,i8,l2,lower,5,57.265,16.275
whlr,i8,l2,upper,1,81.469,20.177
whlr,i8,l2,upper,2,-18.435,19.607
whlr,i8,l2,upper,3,-99.462,17.892
whlr,i8,l2,upper,4,-66.371,17.333
whlr,i8,l2,upper,5,-45,18.385
khkp,i1,l1,lower,1,-15.945,14.56
khkp,i1,l1,lower,2,32.471,13.384
khkp,i1,l1,lower,3,-4.764,12.811
khkp,i1,l1,lower,4,128.66,12.701
khkp,i1,l1,lower,5,-45,14.147
khkp,i1,l1,upper,1,-10.62,16.867
khkp,i1,l1,upper,2,34.695,16.087
khkp,i1,l1,upper,3,-105.945,21.934
khkp,i1,l1,upper,4,27.759,21.15
khkp,i1,l1,upper,5,3.366,17.385
khkp,i1,l2,lower,1,-71.565,15.9
khkp,i1,l2,lower,2,59.744,14.427
khkp,i1,l2,lower,3,-37.569,15.7
khkp,i1,l2,lower,4,-33.69,14.02
khkp,i1,l2,lower,5,79.992,16.728
khkp,i1,l2,upper,1,-50.194,23.049
khkp,i1,l2,upper,2,37.569,16.869
khkp,i1,l2,upper,3,39.472,22.706
khkp,i1,l2,upper,4,180,24.002
khkp,i1,l2,upper,5,46.975,21.043
khkp,i2,l1,lower,1,97.125,15.91
khkp,i2,l1,lower,2,82.405,15.608
khkp,i2,l1,lower,3,0,14.252
khkp,i2,l1,lower,4,32.735,17.335
khkp,i2,l1,lower,5,-153.435,15.506
khkp,i2,l1,upper,1,37.405,21.708
khkp,i2,l1,upper,2,21.801,16.155
khkp,i2,l1,upper,3,-177.51,22.706
khkp,i2,l1,upper,4,-173.66,18.714
khkp,i2,l1,upper,5,-143.616,23.068
khkp,i2,l2,lower,1,-48.013,12.748
khkp,i2,l2,lower,2,-39.289,14.135
khkp,i2,l2,lower,3,90,18
khkp,i2,l2,lower,4,-176.186,15.301
khkp,i2,l2,lower,5,-18.435,12.548
khkp,i2,l2,upper,1,160.201,25.944
khkp,i2,l2,upper,2,180,25.333
khkp,i2,l2,upper,3,164.745,23.125
khkp,i2,l2,upper,4,146.976,24.037
khkp,i2,l2,upper,5,173.991,18.812
khkp,i3,l1,lower,1,-37.569,16.2
khkp,i3,l1,lower,2,66.801,14.926
khkp,i3,l1,lower,3,-152.103,20.033
khkp,i3,l1,lower,4,10.008,17.43
khkp,i3,l1,lower,5,148.392,15.397
khkp,i3,l1,upper,1,145.305,15.348
khkp,i3,l1,upper,2,152.354,23.118
khkp,i3,l1,upper,3,130.365,26.215
khkp,i3,l1,upper,4,40.914,20.165
khkp,i3,l1,upper,5,20.854,22.41
khkp,i3,l2,lower,1,53.973,14.318
khkp,i3,l2,lower,2,70.56,17.557
khkp,i3,l2,lower,3,94.764,12.019
khkp,i3,l2,lower,4,-4.399,13.106
khkp,i3,l2,lower,5,97.595,15.133
khkp,i3,l2,upper,1,34.992,24.209
khkp,i3,l2,upper,2,7.765,22.864
khkp,i3,l2,upper,3,4.764,23.585
khkp,i3,l2,upper,4,83.418,25.552
khkp,i3,l2,upper,5,112.62,26.874
khkp,i4,l1,lower,1,42.274,15.052
khkp,i4,l1,lower,2,3.814,15.015
khkp,i4,l1,lower,3,32.471,12.671
khkp,i4,l1,lower,4,37.875,11.557
khkp,i4,l1,lower,5,-22.62,13.271
khkp,i4,l1,upper,1,-47.291,18.062
khkp,i4,l1,upper,2,-40.914,19.849
khkp,i4,l1,upper,3,23.199,22.676
khkp,i4,l1,upper,4,107.526,20.555
khkp,i4,l1,upper,5,108.435,22.244
khkp,i4,l2,lower,1,49.399,18.439
khkp,i4,l2,lower,2,59.744,13.94
khkp,i4,l2,lower,3,37.405,21.051
khkp,i4,l2,lower,4,139.764,17.029
khkp,i4,l2,lower,5,132.879,18.658
khkp,i4,l2,upper,1,45,21.685
khkp,i4,l2,upper,2,140.906,20.655
khkp,i4,l2,upper,3,153.435,22.594
khkp,i4,l2,upper,4,111.801,21.667
khkp,i4,l2,upper,5,2.203,26.352
khkp,i5,l1,lower,1,45,15.556
khkp,i5,l1,lower,2,42.274,14.372
khkp,i5,l1,lower,3,90,14.758
khkp,i5,l1,lower,4,40.236,16.75
khkp,i5,l1,lower,5,140.711,13.956
khkp,i5,l1,upper,1,168.69,20.723
khkp,i5,l1,upper,2,36.87,19.88
khkp,i5,l1,upper,3,133.264,23.816
khkp,i5,l1,upper,4,-177.138,20.756
khkp,i5,l1,upper,5,115.201,18.788
khkp,i5,l2,lower,1,72.646,16.621
khkp,i5,l2,lower,2,97.595,15.235
khkp,i5,l2,lower,3,129.806,15.077
khkp,i5,l2,lower,4,90,14.67
khkp,i5,l2,lower,5,113.199,15.67
khkp,i5,l2,upper,1,81.027,18.577
khkp,i5,l2,upper,2,-160.56,17.714
khkp,i5,l2,upper,3,131.82,25.996
khkp,i5,l2,upper,4,-37.875,22.133
khkp,i5,l2,upper,5,-175.03,23.087
khkp,i6,l1,lower,1,127.569,15.853
khkp,i6,l1,lower,2,65.556,12.974
khkp,i6,l1,lower,3,85.236,11.774
khkp,i6,l1,lower,4,8.13,14.18
khkp,i6,l1,lower,5,-13.241,17.112
khkp,i6,l1,upper,1,34.992,24.413
khkp,i6,l1,upper,2,22.249,23.286
khkp,i6,l1,upper,3,163.072,24.52
khkp,i6,l1,upper,4,156.038,19.872
khkp,i6,l1,upper,5,165.964,20.537
khkp,i6,l2,lower,1,90,14.5
khkp,i6,l2,lower,2,139.764,16.869
khkp,i6,l2,lower,3,77.905,14.562
khkp,i6,l2,lower,4,0,15
khkp,i6,l2,lower,5,36.027,13.551
khkp,i6,l2,upper,1,47.291,16.997
khkp,i6,l2,upper,2,105.255,22.073
khkp,i6,l2,upper,3,125.838,22.01
khkp,i6,l2,upper,4,113.962,19.906
khkp,i6,l2,upper,5,50.194,23.176
khkp,i7,l1,lower,1,-41.987,14.395
khkp,i7,l1,lower,2,-57.265,16.434
khkp,i7,l1,lower,3,18.435,12.811
khkp,i7,l1,lower,4,63.435,14.206
khkp,i7,l1,lower,5,-11.31,16.082
khkp,i7,l1,upper,1,-173.29,17.813
khkp,i7,l1,upper,2,90,25.751
khkp,i7,l1,upper,3,160.017,23.409
khkp,i7,l1,upper,4,19.179,24.459
khkp,i7,l1,upper,5,50.906,20.79
khkp,i7,l2,lower,1,101.31,15.297
khkp,i7,l2,lower,2,42.274,14.513
khkp,i7,l2,lower,3,47.726,14.866
khkp,i7,l2,lower,4,129.289,14.004
khkp,i7,l2,lower,5,137.726,14.866
khkp,i7,l2,upper,1,39.094,20.391
khkp,i7,l2,upper,2,3.576,16.388
khkp,i7,l2,upper,3,18.435,18.99
khkp,i7,l2,upper,4,76.759,17.601
khkp,i7,l2,upper,5,-3.366,16.267
khkp,i8,l1,lower,1,15.945,14.757
khkp,i8,l1,lower,2,-74.055,14.441
khkp,i8,l1,lower,3,-90,17.516
khkp,i8,l1,lower,4,61.928,16.221
khkp,i8,l1,lower,5,90,13.521
khkp,i8,l1,upper,1,-30.466,19.267
khkp,i8,l1,upper,2,50.194,15.202
khkp,i8,l1,upper,3,129.806,23.114
khkp,i8,l1,upper,4,77.196,21.769
khkp,i8,l1,upper,5,-136.736,23.024
khkp,i8,l2,lower,1,94.086,14.036
khkp,i8,l2,lower,2,96.71,16.621
khkp,i8,l2,lower,3,50.194,14.941
khkp,i8,l2,lower,4,36.027,14.009
khkp,i8,l2,lower,5,14.036,15.691
khkp,i8,l2,upper,1,96.34,18.741
khkp,i8,l2,upper,2,130.601,18.936
khkp,i8,l2,upper,3,14.621,23.834
khkp,i8,l2,upper,4,144.162,22.284
khkp,i8,l2,upper,5,-78.111,19.163
khkp,i9,l1,lower,1,-25.201,18.487
khkp,i9,l1,lower,2,36.87,19.734
khkp,i9,l1,lower,3,-59.036,16.466
khkp,i9,l1,lower,4,-6.009,19.047
khkp,i9,l1,lower,5,33.69,17.614
khkp,i9,l1,upper,1,-66.038,19.258
khkp,i9,l1,upper,2,-6.009,19.047
khkp,i9,l1,upper,3,-54.782,20.524
khkp,i9,l1,upper,4,-104.036,20.939
khkp,i9,l1,upper,5,2.291,25.009
khkp,i9,l2,lower,1,-45,16.737
khkp,i9,l2,lower,2,-23.199,15.435
khkp,i9,l2,lower,3,67.38,12.349
khkp,i9,l2,lower,4,-10.008,17.263
khkp,i9,l2,lower,5,0,13.75
khkp,i9,l2,upper,1,16.928,24.21
khkp,i9,l2,upper,2,-34.824,27.552
khkp,i9,l2,upper,3,-19.983,23.909
khkp,i9,l2,upper,4,15.945,21.84
khkp,i9,l2,upper,5,-19.29,21.615
mmrd,i1,l1,lower,1,93.576,15.782
mmrd,i1,l1,lower,2,23.199,15.435
mmrd,i1,l1,lower,3,47.726,15.405
mmrd,i1,l1,lower,4,36.87,14.802
mmrd,i1,l1,lower,5,42.274,15.114
mmrd,i1,l1,upper,1,81.027,19.29
mmrd,i1,l1,upper,2,3.18,18.016
mmrd,i1,l1,upper,3,-2.386,24.505
mmrd,i1,l1,upper,4,-82.875,16.9
mmrd,i1,l1,upper,5,-29.358,18.017
mmrd,i1,l2,lower,1,3.18,17.507
mmrd,i1,l2,lower,2,45,17.221
mmrd,i1,l2,lower,3,86.186,15.532
mmrd,i1,l2,lower,4,79.992,17.221
mmrd,i1,l2,lower,5,-56.31,17.335
mmrd,i1,l2,upper,1,39.094,20.572
mmrd,i1,l2,upper,2,-176.987,19.012
mmrd,i1,l2,upper,3,-29.358,17.897
mmrd,i1,l2,upper,4,-57.265,17.545
mmrd,i1,l2,upper,5,6.71,17.117
mmrd,i2,l1,lower,1,-6.71,16.879
mmrd,i2,l1,lower,2,-74.055,14.32
mmrd,i2,l1,lower,3,-42.879,19.105
mmrd,i2,l1,lower,4,30.256,14.545
mmrd,i2,l1,lower,5,66.801,15.56
mmrd,i2,l1,upper,1,-45,20.047
mmrd,i2,l1,upper,2,5.194,21.461
mmrd,i2,l1,upper,3,-14.744,19.889
mmrd,i2,l1,upper,4,92.726,20.691
mmrd,i2,l1,upper,5,-33.69,21.71
mmrd,i2,l2,lower,1,26.565,15.506
mmrd,i2,l2,lower,2,109.44,18.2
mmrd,i2,l2,lower,3,39.806,15.389
mmrd,i2,l2,lower,4,-40.236,16.95
mmrd,i2,l2,lower,5,49.764,16.09
mmrd,i2,l2,upper,1,-49.086,20.79
mmrd,i2,l2,upper,2,5.711,19.827
mmrd,i2,l2,upper,3,22.834,20.442
mmrd,i2,l2,upper,4,50.528,21.513
mmrd,i2,l2,upper,5,16.699,21.36
mmrd,i3,l1,lower,1,45,14.16
mmrd,i3,l1,lower,2,-50.711,14.699
mmrd,i3,l1,lower,3,15.945,14.252
mmrd,i3,l1,lower,4,-77.005,13.77
mmrd,i3,l1,lower,5,68.962,14.23
mmrd,i3,l1,upper,1,-6.71,17.09
mmrd,i3,l1,upper,2,15.524,19.003
mmrd,i3,l1,upper,3,-7.125,16.125
mmrd,i3,l1,upper,4,-31.608,16.035
mmrd,i3,l1,upper,5,47.49,16.347
mmrd,i3,l2,lower,1,66.801,15.421
mmrd,i3,l2,lower,2,-60.642,18.608
mmrd,i3,l2,lower,3,-31.608,15.821
mmrd,i3,l2,lower,4,-54.462,17.013
mmrd,i3,l2,lower,5,-86.424,16.07
mmrd,i3,l2,upper,1,-39.094,20.407
mmrd,i3,l2,upper,2,-16.928,23.507
mmrd,i3,l2,upper,3,-23.962,20.18
mmrd,i3,l2,upper,4,50.906,20.23
mmrd,i3,l2,upper,5,-95.711,20.349
mmrd,i4,l1,lower,1,-45,13.908
mmrd,i4,l1,lower,2,-45,13.789
mmrd,i4,l1,lower,3,-93.814,14.769
mmrd,i4,l1,lower,4,3.576,15.782
mmrd,i4,l1,lower,5,7.595,15.133
mmrd,i4,l1,upper,1,69.444,17.088
mmrd,i4,l1,upper,2,83.66,17.82
mmrd,i4,l1,upper,3,-99.462,17.755
mmrd,i4,l1,upper,4,-59.534,19.637
mmrd,i4,l1,upper,5,-149.534,19.815
mmrd,i4,l2,lower,1,-29.358,17.904
mmrd,i4,l2,lower,2,-11.31,15.624
mmrd,i4,l2,lower,3,-31.608,15.442
mmrd,i4,l2,lower,4,-31.608,15.836
mmrd,i4,l2,lower,5,8.13,14.472
mmrd,i4,l2,upper,1,-62.103,18.812
mmrd,i4,l2,upper,2,32.905,20.71
mmrd,i4,l2,upper,3,30.466,19.425
mmrd,i4,l2,upper,4,-11.889,19.172
mmrd,i4,l2,upper,5,-37.405,20.467
mmrd,i5,l1,lower,1,-41.634,11.877
mmrd,i5,l1,lower,2,-19.983,11.885
mmrd,i5,l1,lower,3,51.34,12.612
mmrd,i5,l1,lower,4,-74.055,14.067
mmrd,i5,l1,lower,5,53.973,13.408
mmrd,i5,l1,upper,1,40.601,18.409
mmrd,i5,l1,upper,2,25.201,19.09
mmrd,i5,l1,upper,3,-6.34,18.049
mmrd,i5,l1,upper,4,-12.529,17.653
mmrd,i5,l1,upper,5,122.905,20.069
mmrd,i5,l2,lower,1,36.027,13.75
mmrd,i5,l2,lower,2,48.013,13.829
mmrd,i5,l2,lower,3,85.601,13.521
mmrd,i5,l2,lower,4,109.654,14.718
mmrd,i5,l2,lower,5,36.87,14.603
mmrd,i5,l2,upper,1,50.528,22.568
mmrd,i5,l2,upper,2,2.862,20.006
mmrd,i5,l2,upper,3,-105.524,18.738
mmrd,i5,l2,upper,4,-72.474,20.477
mmrd,i5,l2,upper,5,-35.218,20.872
mmrd,i6,l1,lower,1,-65.225,14.091
mmrd,i6,l1,lower,2,-26.565,13.306
mmrd,i6,l1,lower,3,82.875,15.821
mmrd,i6,l1,lower,4,-3.814,14.784
mmrd,i6,l1,lower,5,85.601,13.086
mmrd,i6,l1,upper,1,14.621,23.947
mmrd,i6,l1,upper,2,-36.87,20.402
mmrd,i6,l1,upper,3,-3.013,19.047
mmrd,i6,l1,upper,4,45,18.862
mmrd,i6,l1,upper,5,-20.854,22.006
mmrd,i6,l2,lower,1,-12.095,14.372
mmrd,i6,l2,lower,2,-39.289,13.64
mmrd,i6,l2,lower,3,-36.87,14.758
mmrd,i6,l2,lower,4,26.565,14.162
mmrd,i6,l2,lower,5,10.62,16.221
mmrd,i6,l2,upper,1,-70.56,18.434
mmrd,i6,l2,upper,2,53.746,18.106
mmrd,i6,l2,upper,3,-23.962,18.953
mmrd,i6,l2,upper,4,28.301,14.427
mmrd,i6,l2,upper,5,37.569,16.451
mmrd,i7,l1,lower,1,40.236,17.467
mmrd,i7,l1,lower,2,-124.509,18.49
mmrd,i7,l1,lower,3,-13.392,21.524
mmrd,i7,l1,lower,4,-26.565,20.423
mmrd,i7,l1,lower,5,39.472,22.375
mmrd,i7,l1,upper,1,-53.746,19.003
mmrd,i7,l1,upper,2,-50.906,20.669
mmrd,i7,l1,upper,3,77.196,21.769
mmrd,i7,l1,upper,4,15.524,19.1
mmrd,i7,l1,upper,5,-68.749,19.195
mmrd,i7,l2,lower,1,-30.256,14.063
mmrd,i7,l2,lower,2,28.072,17.904
mmrd,i7,l2,lower,3,-50.711,14.395
mmrd,i7,l2,lower,4,12.995,13.44
mmrd,i7,l2,lower,5,-73.61,18.133
mmrd,i7,l2,upper,1,87.51,22.343
mmrd,i7,l2,upper,2,29.358,18.068
mmrd,i7,l2,upper,3,16.699,20.881
mmrd,i7,l2,upper,4,-40.914,19.163
mmrd,i7,l2,upper,5,112.834,20.804
mmrd,i8,l1,lower,1,-19.654,14.67
mmrd,i8,l1,lower,2,55.305,15.67
mmrd,i8,l1,lower,3,-72.897,13.993
mmrd,i8,l1,lower,4,33.69,17.757
mmrd,i8,l1,lower,5,45,15.734
mmrd,i8,l1,upper,1,-66.801,15.232
mmrd,i8,l1,upper,2,-57.095,20.248
mmrd,i8,l1,upper,3,35.538,16.55
mmrd,i8,l1,upper,4,50.194,15.585
mmrd,i8,l1,upper,5,5.711,20.177
mmrd,i8,l2,lower,1,-57.995,19.425
mmrd,i8,l2,lower,2,-86.186,14.678
mmrd,i8,l2,lower,3,90,15.847
mmrd,i8,l2,lower,4,-53.973,13.73
mmrd,i8,l2,lower,5,-59.744,14.577
mmrd,i8,l2,upper,1,12.265,23.364
mmrd,i8,l2,upper,2,-26.565,19.827
mmrd,i8,l2,upper,3,43.025,20.989
mmrd,i8,l2,upper,4,13.392,20.691
mmrd,i8,l2,upper,5,37.405,21.605
